feature_set,model,n_train,n_test,n_features,acc_train,acc_test,gap,f1_train,f1_test,ll_train,ll_test
CORE,Baseline,37,16,16,0.3783783783783784,0.125,0.2533783783783784,0.18300653594771243,0.07407407407407407,22.40551426891066,31.53819671547751
CORE,LogisticRegression,37,16,16,0.7027027027027027,0.5,0.20270270270270274,0.698196356367271,0.42407407407407405,0.7138195873605772,0.99582415779506
CORE,RandomForest,37,16,16,0.7297297297297297,0.5625,0.16722972972972971,0.7212121212121213,0.49444444444444446,0.8319102446203769,1.0153715368959222
CORE,XGBoost,37,16,16,0.8108108108108109,0.625,0.18581081081081086,0.8094589069101813,0.5595959595959595,0.6417267245893754,0.9889716401335624
FULL,Baseline,37,16,18,0.3783783783783784,0.125,0.2533783783783784,0.18300653594771243,0.07407407407407407,22.40551426891066,31.53819671547751
FULL,LogisticRegression,37,16,18,0.7837837837837838,0.625,0.15878378378378377,0.781504485852312,0.5361111111111111,0.6577331116294108,0.9190294184546102
FULL,RandomForest,37,16,18,0.8378378378378378,0.625,0.21283783783783783,0.836091631603553,0.5886243386243386,0.8243107990270522,0.9885353797713391
FULL,XGBoost,37,16,18,0.8648648648648649,0.625,0.2398648648648649,0.8639291465378421,0.6103896103896104,0.5637019462971495,0.9513182227497583
