split,model,n_train,n_test,acc_train,acc_test,acc_gap,f1_train,f1_test,ll_train,ll_test
Cross-Season,Baseline,170,59,0.4117647058823529,0.3559322033898305,0.05583250249252242,0.19444444444444445,0.17500000000000002,21.202149052421852,23.214556420109357
Cross-Season,LogisticRegression,170,59,0.6176470588235294,0.5084745762711864,0.10917248255234302,0.5955252922154712,0.49335232668566004,0.7698915965036269,0.9045105743654678
Cross-Season,RandomForest,170,59,0.7764705882352941,0.5084745762711864,0.2679960119641077,0.7706465344164951,0.4869763662867112,0.6671551505813862,0.9109089002754164
Cross-Season,XGBoost,170,59,0.888235294117647,0.4745762711864407,0.4136590229312063,0.88510101010101,0.4597229590333039,0.45610397577611916,0.9609011081692361
