season,competition,round,event_id,match_code,match_label,home_team,away_team,goal_incident_id,scorer_name,goal_minute,goal_added_time,home_score_after,away_score_after,sequence_order,player_name,player_id,player_position,action_type,is_assist,from_x,from_y,to_x,to_y,is_home,transformed_at
2026,serie_b,1,15525988,bPseau,Ceará x São Bernardo,Ceará,São Bernardo,341743687,Pará,55,,1,1,1,Dudu Miraíma,1017251,M,pass,False,55.6,77.5,55.6,60.1,False,2026-06-02T14:46:54.079949Z
2026,serie_b,1,15525988,bPseau,Ceará x São Bernardo,Ceará,São Bernardo,341743687,Pará,55,,1,1,2,Marcão Silva,866754,M,pass,False,45.9,57.4,37.0,13.6,False,2026-06-02T14:46:54.079949Z
2026,serie_b,1,15525988,bPseau,Ceará x São Bernardo,Ceará,São Bernardo,341743687,Pará,55,,1,1,3,Pará,552188,D,pass,False,32.5,9.7,41.3,21.9,False,2026-06-02T14:46:54.079949Z
2026,serie_b,1,15525988,bPseau,Ceará x São Bernardo,Ceará,São Bernardo,341743687,Pará,55,,1,1,4,Romisson,911123,M,pass,False,41.2,21.9,33.2,6.1,False,2026-06-02T14:46:54.079949Z
2026,serie_b,1,15525988,bPseau,Ceará x São Bernardo,Ceará,São Bernardo,341743687,Pará,55,,1,1,5,Lucas Rian,1893682,F,ball-movement,False,33.2,6.1,4.9,38.5,False,2026-06-02T14:46:54.079949Z
2026,serie_b,1,15525988,bPseau,Ceará x São Bernardo,Ceará,São Bernardo,341743687,Pará,55,,1,1,6,Lucas Rian,1893682,F,cross,True,9.3,13.6,4.9,38.5,False,2026-06-02T14:46:54.079949Z
2026,serie_b,1,15525988,bPseau,Ceará x São Bernardo,Ceará,São Bernardo,341743687,Pará,55,,1,1,7,Pará,552188,D,goal,False,4.9,38.5,,,False,2026-06-02T14:46:54.079949Z
2026,serie_b,1,15525988,bPseau,Ceará x São Bernardo,Ceará,São Bernardo,341739628,Vinicius Zanocelo,7,,1,0,1,Vinicius Zanocelo,973841,M,goal,False,88.5,50.0,,,True,2026-06-02T14:46:54.079949Z
2026,serie_b,1,15525994,wPsHPi,Vila Nova FC x CRB,Vila Nova FC,CRB,341977030,João Neto,90,9.0,2,2,1,Diogo Hereda,981295,D,pass,False,24.6,73.6,31.1,63.9,False,2026-06-02T14:46:54.079949Z
2026,serie_b,1,15525994,wPsHPi,Vila Nova FC x CRB,Vila Nova FC,CRB,341977030,João Neto,90,9.0,2,2,2,Bressan,312114,D,pass,False,32.0,62.2,19.8,96.6,False,2026-06-02T14:46:54.079949Z
2026,serie_b,1,15525994,wPsHPi,Vila Nova FC x CRB,Vila Nova FC,CRB,341977030,João Neto,90,9.0,2,2,3,Diogo Hereda,981295,D,pass,False,19.7,96.3,26.0,82.6,False,2026-06-02T14:46:54.079949Z
2026,serie_b,1,15525994,wPsHPi,Vila Nova FC x CRB,Vila Nova FC,CRB,341977030,João Neto,90,9.0,2,2,4,Vinicius Barata,871205,M,cross,False,23.9,78.1,18.9,50.1,False,2026-06-02T14:46:54.079949Z
2026,serie_b,1,15525994,wPsHPi,Vila Nova FC x CRB,Vila Nova FC,CRB,341977030,João Neto,90,9.0,2,2,5,Guilherme Estrella,1634144,M,save,False,17.8,55.6,,,False,2026-06-02T14:46:54.079949Z
2026,serie_b,1,15525994,wPsHPi,Vila Nova FC x CRB,Vila Nova FC,CRB,341977030,João Neto,90,9.0,2,2,6,João Neto,1110033,F,goal,False,7.0,42.3,,,False,2026-06-02T14:46:54.079949Z
2026,serie_b,1,15525994,wPsHPi,Vila Nova FC x CRB,Vila Nova FC,CRB,341977028,Dudu Dos Santos,61,,2,1,1,João Vieira,1046490,M,cross,True,99.5,0.5,91.7,50.7,True,2026-06-02T14:46:54.079949Z
2026,serie_b,1,15525994,wPsHPi,Vila Nova FC x CRB,Vila Nova FC,CRB,341977028,Dudu Dos Santos,61,,2,1,2,Dudu,2510831,M,goal,False,91.7,50.7,,,True,2026-06-02T14:46:54.079949Z
2026,serie_b,1,15525994,wPsHPi,Vila Nova FC x CRB,Vila Nova FC,CRB,341977027,Dellatorre,48,,1,1,1,Nathan Camargo,1199453,M,pass,False,57.5,49.3,70.1,33.7,True,2026-06-02T14:46:54.079949Z
2026,serie_b,1,15525994,wPsHPi,Vila Nova FC x CRB,Vila Nova FC,CRB,341977027,Dellatorre,48,,1,1,2,Dudu,2510831,M,pass,False,64.7,26.3,83.8,17.5,True,2026-06-02T14:46:54.079949Z
2026,serie_b,1,15525994,wPsHPi,Vila Nova FC x CRB,Vila Nova FC,CRB,341977027,Dellatorre,48,,1,1,3,Marquinhos Gabriel,90812,M,pass,False,71.4,23.7,71.9,6.8,True,2026-06-02T14:46:54.079949Z
2026,serie_b,1,15525994,wPsHPi,Vila Nova FC x CRB,Vila Nova FC,CRB,341977027,Dellatorre,48,,1,1,4,Ryan Lima,1634692,F,ball-movement,False,71.9,6.8,95.1,54.2,True,2026-06-02T14:46:54.079949Z
2026,serie_b,1,15525994,wPsHPi,Vila Nova FC x CRB,Vila Nova FC,CRB,341977027,Dellatorre,48,,1,1,5,Ryan Lima,1634692,F,cross,True,89.3,16.8,95.1,54.2,True,2026-06-02T14:46:54.079949Z
2026,serie_b,1,15525994,wPsHPi,Vila Nova FC x CRB,Vila Nova FC,CRB,341977027,Dellatorre,48,,1,1,6,Dellatorre,166503,F,goal,False,95.1,54.2,,,True,2026-06-02T14:46:54.079949Z
2026,serie_b,1,15525994,wPsHPi,Vila Nova FC x CRB,Vila Nova FC,CRB,341977029,Mikael,19,,0,1,1,Crystopher,869676,M,pass,False,39.0,43.5,24.6,3.6,False,2026-06-02T14:46:54.079949Z
2026,serie_b,1,15525994,wPsHPi,Vila Nova FC x CRB,Vila Nova FC,CRB,341977029,Mikael,19,,0,1,2,Dadá Belmonte,926786,F,pass,False,17.9,6.1,24.6,19.6,False,2026-06-02T14:46:54.079949Z
2026,serie_b,1,15525994,wPsHPi,Vila Nova FC x CRB,Vila Nova FC,CRB,341977029,Mikael,19,,0,1,3,Lucas Lovat,810689,D,cross,True,23.6,13.1,10.8,54.2,False,2026-06-02T14:46:54.079949Z
2026,serie_b,1,15525994,wPsHPi,Vila Nova FC x CRB,Vila Nova FC,CRB,341977029,Mikael,19,,0,1,4,Mikael,994017,F,goal,False,10.8,54.2,,,False,2026-06-02T14:46:54.079949Z
2026,serie_b,1,15525987,oWcsJRp,Operário-PR x Atlético Goianiense,Operário-PR,Atlético Goianiense,341741660,Pablo,23,,1,0,1,Miranda,926868,D,pass,False,39.1,91.3,38.4,48.7,True,2026-06-02T14:46:54.079949Z
2026,serie_b,1,15525987,oWcsJRp,Operário-PR x Atlético Goianiense,Operário-PR,Atlético Goianiense,341741660,Pablo,23,,1,0,2,Vinícius Diniz,1148464,M,pass,False,37.7,51.3,43.2,62.4,True,2026-06-02T14:46:54.079949Z
2026,serie_b,1,15525987,oWcsJRp,Operário-PR x Atlético Goianiense,Operário-PR,Atlético Goianiense,341741660,Pablo,23,,1,0,3,Pablo,374486,F,pass,False,44.0,64.6,46.1,11.4,True,2026-06-02T14:46:54.079949Z
2026,serie_b,1,15525987,oWcsJRp,Operário-PR x Atlético Goianiense,Operário-PR,Atlético Goianiense,341741660,Pablo,23,,1,0,4,Mikael Doka,1067652,D,ball-movement,False,46.1,11.4,89.5,50.3,True,2026-06-02T14:46:54.079949Z
2026,serie_b,1,15525987,oWcsJRp,Operário-PR x Atlético Goianiense,Operário-PR,Atlético Goianiense,341741660,Pablo,23,,1,0,5,Mikael Doka,1067652,D,cross,False,77.1,24.4,89.5,50.3,True,2026-06-02T14:46:54.079949Z
2026,serie_b,1,15525987,oWcsJRp,Operário-PR x Atlético Goianiense,Operário-PR,Atlético Goianiense,341741660,Pablo,23,,1,0,6,Aylon,364528,F,save,False,89.5,50.3,,,True,2026-06-02T14:46:54.079949Z
2026,serie_b,1,15525987,oWcsJRp,Operário-PR x Atlético Goianiense,Operário-PR,Atlético Goianiense,341741660,Pablo,23,,1,0,7,Pablo,374486,F,goal,False,91.1,44.8,,,True,2026-06-02T14:46:54.079949Z
2026,serie_b,1,15525984,EOsvP,Botafogo-SP x Fortaleza,Botafogo-SP,Fortaleza,341949671,Everton Morelli,52,,4,0,1,Rafael Gava,870920,M,pass,True,80.6,73.6,92.0,64.8,True,2026-06-02T14:46:54.079949Z
2026,serie_b,1,15525984,EOsvP,Botafogo-SP x Fortaleza,Botafogo-SP,Fortaleza,341949671,Everton Morelli,52,,4,0,2,Everton Morelli,928137,M,goal,False,92.0,64.8,,,True,2026-06-02T14:46:54.079949Z
2026,serie_b,1,15525984,EOsvP,Botafogo-SP x Fortaleza,Botafogo-SP,Fortaleza,341949670,Vilar,45,4.0,3,0,1,Patrick Brey,871192,D,cross,True,88.3,80.3,98.2,47.2,True,2026-06-02T14:46:54.079949Z
2026,serie_b,1,15525984,EOsvP,Botafogo-SP x Fortaleza,Botafogo-SP,Fortaleza,341949670,Vilar,45,4.0,3,0,2,Vilar,1177012,D,goal,False,98.2,47.2,,,True,2026-06-02T14:46:54.079949Z
2026,serie_b,1,15525984,EOsvP,Botafogo-SP x Fortaleza,Botafogo-SP,Fortaleza,341949669,Everton Morelli,38,,2,0,1,Everton Morelli,928137,M,goal,False,89.8,58.9,,,True,2026-06-02T14:46:54.079949Z
2026,serie_b,1,15525984,EOsvP,Botafogo-SP x Fortaleza,Botafogo-SP,Fortaleza,341949668,Hygor,34,,1,0,1,Rafael Gava,870920,M,pass,False,64.3,76.9,72.2,89.0,True,2026-06-02T14:46:54.079949Z
2026,serie_b,1,15525984,EOsvP,Botafogo-SP x Fortaleza,Botafogo-SP,Fortaleza,341949668,Hygor,34,,1,0,2,Patrick Brey,871192,D,pass,False,76.2,83.8,71.9,75.1,True,2026-06-02T14:46:54.079949Z
2026,serie_b,1,15525984,EOsvP,Botafogo-SP x Fortaleza,Botafogo-SP,Fortaleza,341949668,Hygor,34,,1,0,3,Leandro Maciel,840847,M,pass,False,71.9,75.1,79.1,94.5,True,2026-06-02T14:46:54.079949Z
2026,serie_b,1,15525984,EOsvP,Botafogo-SP x Fortaleza,Botafogo-SP,Fortaleza,341949668,Hygor,34,,1,0,4,Kelvin,869675,F,cross,False,84.8,91.8,88.6,55.1,True,2026-06-02T14:46:54.079949Z
2026,serie_b,1,15525984,EOsvP,Botafogo-SP x Fortaleza,Botafogo-SP,Fortaleza,341949668,Hygor,34,,1,0,5,Everton Morelli,928137,M,miss,True,88.6,55.1,,,True,2026-06-02T14:46:54.079949Z
2026,serie_b,1,15525984,EOsvP,Botafogo-SP x Fortaleza,Botafogo-SP,Fortaleza,341949668,Hygor,34,,1,0,6,Hygor,832472,F,goal,False,94.9,45.4,,,True,2026-06-02T14:46:54.079949Z
2026,serie_b,1,15525991,FOspWc,Avaí x Juventude,Avaí,Juventude,341853928,Walace dos Santos França,75,,2,0,1,Walace dos Santos França,2436887,F,goal,False,69.7,41.1,,,True,2026-06-02T14:46:54.079949Z
2026,serie_b,1,15525991,FOspWc,Avaí x Juventude,Avaí,Juventude,341849167,Felipe Avenatti,37,,1,0,1,Wallison,988671,D,pass,False,73.4,11.3,87.7,3.4,True,2026-06-02T14:46:54.079949Z
2026,serie_b,1,15525991,FOspWc,Avaí x Juventude,Avaí,Juventude,341849167,Felipe Avenatti,37,,1,0,2,Daniel Penha,862256,M,pass,False,87.7,3.4,97.5,29.1,True,2026-06-02T14:46:54.079949Z
2026,serie_b,1,15525991,FOspWc,Avaí x Juventude,Avaí,Juventude,341849167,Felipe Avenatti,37,,1,0,3,Thayllon Roberth,1633708,M,pass,True,97.5,29.1,92.1,46.4,True,2026-06-02T14:46:54.079949Z
2026,serie_b,1,15525991,FOspWc,Avaí x Juventude,Avaí,Juventude,341849167,Felipe Avenatti,37,,1,0,4,Felipe Avenatti,308058,F,goal,False,92.1,46.4,,,True,2026-06-02T14:46:54.079949Z
2026,serie_b,1,15525992,JOslP,Náutico x Criciúma,Náutico,Criciúma,342051780,Waguininho,6,,0,1,1,Marcinho,840148,M,throw-in,False,55.3,100.0,37.7,84.4,False,2026-06-02T14:46:54.079949Z
2026,serie_b,1,15525992,JOslP,Náutico x Criciúma,Náutico,Criciúma,342051780,Waguininho,6,,0,1,2,Waguininho,924251,F,ball-touch,False,40.6,83.4,,,False,2026-06-02T14:46:54.079949Z
2026,serie_b,1,15525992,JOslP,Náutico x Criciúma,Náutico,Criciúma,342051780,Waguininho,6,,0,1,3,Jhonata Robert,998494,F,ball-touch,False,37.7,81.7,,,False,2026-06-02T14:46:54.079949Z
2026,serie_b,1,15525992,JOslP,Náutico x Criciúma,Náutico,Criciúma,342051780,Waguininho,6,,0,1,4,Jean Irmer,848630,M,pass,False,43.0,86.5,29.9,17.2,False,2026-06-02T14:46:54.079949Z
2026,serie_b,1,15525992,JOslP,Náutico x Criciúma,Náutico,Criciúma,342051780,Waguininho,6,,0,1,5,Marcelo Hermes,783490,D,cross,True,25.4,24.4,8.3,59.7,False,2026-06-02T14:46:54.079949Z
2026,serie_b,1,15525992,JOslP,Náutico x Criciúma,Náutico,Criciúma,342051780,Waguininho,6,,0,1,6,Waguininho,924251,F,goal,False,8.3,59.7,,,False,2026-06-02T14:46:54.079949Z
2026,serie_b,1,15525986,uOsAfMc,Athletic Club x Ponte Preta,Athletic Club,Ponte Preta,341858055,Jota,45,1.0,2,1,1,Jota,1200993,M,goal,False,74.0,52.1,,,True,2026-06-02T14:46:54.079949Z
2026,serie_b,1,15525986,uOsAfMc,Athletic Club x Ponte Preta,Athletic Club,Ponte Preta,341858015,Bryan Borges,45,,1,1,1,Diogo Silva,167109,G,pass,False,96.7,60.3,46.7,53.8,False,2026-06-02T14:46:54.079949Z
2026,serie_b,1,15525986,uOsAfMc,Athletic Club x Ponte Preta,Athletic Club,Ponte Preta,341858015,Bryan Borges,45,,1,1,2,Brandão,1464655,F,pass,True,45.6,55.6,24.4,49.1,False,2026-06-02T14:46:54.079949Z
2026,serie_b,1,15525986,uOsAfMc,Athletic Club x Ponte Preta,Athletic Club,Ponte Preta,341858015,Bryan Borges,45,,1,1,3,Bryan Borges,882748,D,goal,False,20.6,49.9,,,False,2026-06-02T14:46:54.079949Z
2026,serie_b,1,15525986,uOsAfMc,Athletic Club x Ponte Preta,Athletic Club,Ponte Preta,341857180,Ian Luccas,27,,1,0,1,Diogo Batista de Souza,1588320,D,save,False,70.6,52.6,,,True,2026-06-02T14:46:54.079949Z
2026,serie_b,1,15525986,uOsAfMc,Athletic Club x Ponte Preta,Athletic Club,Ponte Preta,341857180,Ian Luccas,27,,1,0,2,Ian Luccas,1046496,M,goal,False,94.4,57.7,,,True,2026-06-02T14:46:54.079949Z
2026,serie_b,1,15525989,kOsyO,Goiás x América Mineiro,Goiás,América Mineiro,341862081,Gonzalo Mastriani,90,1.0,3,1,1,Thauan Willians,1589390,M,pass,False,28.9,15.6,20.9,22.7,False,2026-06-02T14:46:54.079949Z
2026,serie_b,1,15525989,kOsyO,Goiás x América Mineiro,Goiás,América Mineiro,341862081,Gonzalo Mastriani,90,1.0,3,1,2,Alê,869564,M,pass,False,21.4,17.1,14.6,5.8,False,2026-06-02T14:46:54.079949Z
2026,serie_b,1,15525989,kOsyO,Goiás x América Mineiro,Goiás,América Mineiro,341862081,Gonzalo Mastriani,90,1.0,3,1,3,Paulinho,1485496,D,pass,False,18.3,8.8,21.7,15.3,False,2026-06-02T14:46:54.079949Z
2026,serie_b,1,15525989,kOsyO,Goiás x América Mineiro,Goiás,América Mineiro,341862081,Gonzalo Mastriani,90,1.0,3,1,4,Thauan Willians,1589390,M,cross,False,9.2,8.9,8.6,40.6,False,2026-06-02T14:46:54.079949Z
2026,serie_b,1,15525989,kOsyO,Goiás x América Mineiro,Goiás,América Mineiro,341862081,Gonzalo Mastriani,90,1.0,3,1,5,Willian Bigode,146308,F,miss,True,8.6,40.6,,,False,2026-06-02T14:46:54.079949Z
2026,serie_b,1,15525989,kOsyO,Goiás x América Mineiro,Goiás,América Mineiro,341862081,Gonzalo Mastriani,90,1.0,3,1,6,Gonzalo Mastriani,345847,F,goal,False,4.3,52.6,,,False,2026-06-02T14:46:54.079949Z
2026,serie_b,1,15525989,kOsyO,Goiás x América Mineiro,Goiás,América Mineiro,341861749,Gegê,86,,3,0,1,Rodrigo Soares,804765,D,pass,False,72.1,34.6,83.8,43.6,True,2026-06-02T14:46:54.079949Z
2026,serie_b,1,15525989,kOsyO,Goiás x América Mineiro,Goiás,América Mineiro,341861749,Gegê,86,,3,0,2,Rodrigo Soares,804765,D,pass,False,70.9,39.2,78.2,19.8,True,2026-06-02T14:46:54.079949Z
2026,serie_b,1,15525989,kOsyO,Goiás x América Mineiro,Goiás,América Mineiro,341861749,Gegê,86,,3,0,3,Juninho,330691,M,pass,True,79.2,14.9,74.3,34.6,True,2026-06-02T14:46:54.079949Z
2026,serie_b,1,15525989,kOsyO,Goiás x América Mineiro,Goiás,América Mineiro,341861749,Gegê,86,,3,0,4,Gegê,335807,M,goal,False,76.2,32.3,,,True,2026-06-02T14:46:54.079949Z
2026,serie_b,1,15525989,kOsyO,Goiás x América Mineiro,Goiás,América Mineiro,341857358,Tadeu,31,,2,0,1,Tadeu,552172,G,goal,False,88.5,50.0,,,True,2026-06-02T14:46:54.079949Z
2026,serie_b,1,15525989,kOsyO,Goiás x América Mineiro,Goiás,América Mineiro,341856046,Anselmo Ramon,9,,1,0,1,Anselmo Ramon,125032,F,goal,False,88.5,50.0,,,True,2026-06-02T14:46:54.079949Z
2026,serie_b,1,15525985,xPsokeb,Grêmio Novorizontino x Londrina,Grêmio Novorizontino,Londrina,341868041,Carlão,90,6.0,1,3,1,Alexis Alvarino,1066548,D,throw-in,False,92.3,0.0,93.7,49.5,True,2026-06-02T14:46:54.079949Z
2026,serie_b,1,15525985,xPsokeb,Grêmio Novorizontino x Londrina,Grêmio Novorizontino,Londrina,341868041,Carlão,90,6.0,1,3,2,Jardiel,1631875,F,save,False,92.6,51.7,,,True,2026-06-02T14:46:54.079949Z
2026,serie_b,1,15525985,xPsokeb,Grêmio Novorizontino x Londrina,Grêmio Novorizontino,Londrina,341868041,Carlão,90,6.0,1,3,3,Carlão,922564,F,goal,False,95.5,50.3,,,True,2026-06-02T14:46:54.079949Z
2026,serie_b,1,15525985,xPsokeb,Grêmio Novorizontino x Londrina,Grêmio Novorizontino,Londrina,341867820,André Luiz,89,,0,3,1,André Luiz,1016673,M,goal,False,7.1,56.4,,,False,2026-06-02T14:46:54.079949Z
2026,serie_b,1,15525985,xPsokeb,Grêmio Novorizontino x Londrina,Grêmio Novorizontino,Londrina,341866293,Lucas Marques,57,,0,2,1,Iago Teles,1125099,F,pass,False,32.4,67.5,31.1,75.9,False,2026-06-02T14:46:54.079949Z
2026,serie_b,1,15525985,xPsokeb,Grêmio Novorizontino x Londrina,Grêmio Novorizontino,Londrina,341866293,Lucas Marques,57,,0,2,2,Thalis Cantanhede,856357,M,pass,False,31.1,75.9,28.1,89.4,False,2026-06-02T14:46:54.079949Z
2026,serie_b,1,15525985,xPsokeb,Grêmio Novorizontino x Londrina,Grêmio Novorizontino,Londrina,341866293,Lucas Marques,57,,0,2,3,André Dhominique,1177384,D,pass,False,27.6,88.9,27.1,63.7,False,2026-06-02T14:46:54.079949Z
2026,serie_b,1,15525985,xPsokeb,Grêmio Novorizontino x Londrina,Grêmio Novorizontino,Londrina,341866293,Lucas Marques,57,,0,2,4,Lucas Marques,796100,M,pass,False,27.1,63.7,25.1,66.4,False,2026-06-02T14:46:54.079949Z
2026,serie_b,1,15525985,xPsokeb,Grêmio Novorizontino x Londrina,Grêmio Novorizontino,Londrina,341866293,Lucas Marques,57,,0,2,5,Iago Teles,1125099,F,pass,True,24.9,66.4,8.8,61.1,False,2026-06-02T14:46:54.079949Z
2026,serie_b,1,15525985,xPsokeb,Grêmio Novorizontino x Londrina,Grêmio Novorizontino,Londrina,341866293,Lucas Marques,57,,0,2,6,Lucas Marques,796100,M,goal,False,8.8,61.1,,,False,2026-06-02T14:46:54.079949Z
2026,serie_b,1,15525985,xPsokeb,Grêmio Novorizontino x Londrina,Grêmio Novorizontino,Londrina,341865822,Bruno Santos,48,,0,1,1,Vitinho,2125637,M,pass,True,33.9,88.3,12.8,70.9,False,2026-06-02T14:46:54.079949Z
2026,serie_b,1,15525985,xPsokeb,Grêmio Novorizontino x Londrina,Grêmio Novorizontino,Londrina,341865822,Bruno Santos,48,,0,1,2,Bruno Santos,1105781,F,goal,False,11.3,69.5,,,False,2026-06-02T14:46:54.079949Z
2026,serie_b,2,15525997,yOsEO,América Mineiro x Botafogo-SP,América Mineiro,Botafogo-SP,343211912,Zé Hugo,59,,1,2,1,Carlão,1022676,D,pass,False,79.5,7.0,32.1,11.1,False,2026-06-02T14:46:54.079949Z
2026,serie_b,2,15525997,yOsEO,América Mineiro x Botafogo-SP,América Mineiro,Botafogo-SP,343211912,Zé Hugo,59,,1,2,2,Patrick Brey,871192,D,ball-movement,False,32.1,11.1,13.7,66.4,False,2026-06-02T14:46:54.079949Z
2026,serie_b,2,15525997,yOsEO,América Mineiro x Botafogo-SP,América Mineiro,Botafogo-SP,343211912,Zé Hugo,59,,1,2,3,Patrick Brey,871192,D,pass,True,15.0,28.5,13.7,66.4,False,2026-06-02T14:46:54.079949Z
2026,serie_b,2,15525997,yOsEO,América Mineiro x Botafogo-SP,América Mineiro,Botafogo-SP,343211912,Zé Hugo,59,,1,2,4,Zé Hugo,1166468,F,goal,False,5.2,64.4,,,False,2026-06-02T14:46:54.079949Z
2026,serie_b,2,15525997,yOsEO,América Mineiro x Botafogo-SP,América Mineiro,Botafogo-SP,343209490,Everton Morelli,32,,1,1,1,Vilar,1177012,D,pass,False,12.7,37.2,14.1,78.7,False,2026-06-02T14:46:54.079949Z
2026,serie_b,2,15525997,yOsEO,América Mineiro x Botafogo-SP,América Mineiro,Botafogo-SP,343209490,Everton Morelli,32,,1,1,2,Rafael Gava,870920,M,cross,True,8.7,76.3,4.9,49.4,False,2026-06-02T14:46:54.079949Z
2026,serie_b,2,15525997,yOsEO,América Mineiro x Botafogo-SP,América Mineiro,Botafogo-SP,343209490,Everton Morelli,32,,1,1,3,Everton Morelli,928137,M,goal,False,4.9,49.4,,,False,2026-06-02T14:46:54.079949Z
2026,serie_b,2,15525997,yOsEO,América Mineiro x Botafogo-SP,América Mineiro,Botafogo-SP,343208080,Gonzalo Mastriani,8,,1,0,1,Paulinho,1485496,D,pass,False,39.6,91.5,31.2,66.3,True,2026-06-02T14:46:54.079949Z
2026,serie_b,2,15525997,yOsEO,América Mineiro x Botafogo-SP,América Mineiro,Botafogo-SP,343208080,Gonzalo Mastriani,8,,1,0,2,Emerson Santos,844015,D,pass,False,31.3,66.0,70.5,16.1,True,2026-06-02T14:46:54.079949Z
2026,serie_b,2,15525997,yOsEO,América Mineiro x Botafogo-SP,América Mineiro,Botafogo-SP,343208080,Gonzalo Mastriani,8,,1,0,3,Léo Alaba,1105945,D,ball-movement,False,70.5,16.1,76.7,18.2,True,2026-06-02T14:46:54.079949Z
2026,serie_b,2,15525997,yOsEO,América Mineiro x Botafogo-SP,América Mineiro,Botafogo-SP,343208080,Gonzalo Mastriani,8,,1,0,4,Léo Alaba,1105945,D,pass,False,88.0,9.7,76.7,18.2,True,2026-06-02T14:46:54.079949Z
2026,serie_b,2,15525997,yOsEO,América Mineiro x Botafogo-SP,América Mineiro,Botafogo-SP,343208080,Gonzalo Mastriani,8,,1,0,5,Alê,869564,M,pass,False,76.8,29.3,92.2,61.5,True,2026-06-02T14:46:54.079949Z
2026,serie_b,2,15525997,yOsEO,América Mineiro x Botafogo-SP,América Mineiro,Botafogo-SP,343208080,Gonzalo Mastriani,8,,1,0,6,Willian Bigode,146308,F,pass,True,93.0,60.9,92.4,48.0,True,2026-06-02T14:46:54.079949Z
2026,serie_b,2,15525997,yOsEO,América Mineiro x Botafogo-SP,América Mineiro,Botafogo-SP,343208080,Gonzalo Mastriani,8,,1,0,7,Gonzalo Mastriani,345847,F,goal,False,92.4,48.0,,,True,2026-06-02T14:46:54.079949Z
2026,serie_b,2,15526000,lPsoWc,Atlético Goianiense x Náutico,Atlético Goianiense,Náutico,343216570,Igor Fernandes,82,,1,2,1,Dodô,1018871,M,cross,True,34.5,4.7,12.5,47.2,False,2026-06-02T14:46:54.079949Z
2026,serie_b,2,15526000,lPsoWc,Atlético Goianiense x Náutico,Atlético Goianiense,Náutico,343216570,Igor Fernandes,82,,1,2,2,Igor Fernandes,329057,D,goal,False,12.5,47.2,,,False,2026-06-02T14:46:54.079949Z
2026,serie_b,2,15526000,lPsoWc,Atlético Goianiense x Náutico,Atlético Goianiense,Náutico,343216296,Vinícius,78,,1,1,1,Igor Fernandes,329057,D,pass,False,75.5,51.1,71.5,91.5,False,2026-06-02T14:46:54.079949Z
2026,serie_b,2,15526000,lPsoWc,Atlético Goianiense x Náutico,Atlético Goianiense,Náutico,343216296,Vinícius,78,,1,1,2,Matheus Ribeiro,794878,D,pass,False,67.8,92.2,47.6,92.4,False,2026-06-02T14:46:54.079949Z
2026,serie_b,2,15526000,lPsoWc,Atlético Goianiense x Náutico,Atlético Goianiense,Náutico,343216296,Vinícius,78,,1,1,3,Vinícius,124807,M,ball-movement,False,47.6,92.4,32.4,39.0,False,2026-06-02T14:46:54.079949Z
2026,serie_b,2,15526000,lPsoWc,Atlético Goianiense x Náutico,Atlético Goianiense,Náutico,343216296,Vinícius,78,,1,1,4,Vinícius,124807,M,pass,False,36.2,65.1,32.4,39.0,False,2026-06-02T14:46:54.079949Z
2026,serie_b,2,15526000,lPsoWc,Atlético Goianiense x Náutico,Atlético Goianiense,Náutico,343216296,Vinícius,78,,1,1,5,Dodô,1018871,M,pass,False,26.6,37.2,6.9,24.3,False,2026-06-02T14:46:54.079949Z
2026,serie_b,2,15526000,lPsoWc,Atlético Goianiense x Náutico,Atlético Goianiense,Náutico,343216296,Vinícius,78,,1,1,6,Yuri,857733,D,pass,True,4.8,29.5,7.9,51.3,False,2026-06-02T14:46:54.079949Z
2026,serie_b,2,15526000,lPsoWc,Atlético Goianiense x Náutico,Atlético Goianiense,Náutico,343216296,Vinícius,78,,1,1,7,Vinícius,124807,M,goal,False,7.9,51.3,,,False,2026-06-02T14:46:54.079949Z
2026,serie_b,2,15526000,lPsoWc,Atlético Goianiense x Náutico,Atlético Goianiense,Náutico,343213109,Leo Jacó,41,,1,0,1,Guilherme Marques,109610,M,cross,True,88.0,2.5,98.5,52.8,True,2026-06-02T14:46:54.079949Z
2026,serie_b,2,15526000,lPsoWc,Atlético Goianiense x Náutico,Atlético Goianiense,Náutico,343213109,Leo Jacó,41,,1,0,2,Leo Jacó,1462709,F,goal,False,98.5,52.8,,,True,2026-06-02T14:46:54.079949Z
2026,serie_b,2,15525998,kOsxP,Londrina x Goiás,Londrina,Goiás,343217117,Esli García,90,6.0,2,2,1,Esli García,1019977,M,goal,False,8.9,27.0,,,False,2026-06-02T14:46:54.079949Z
2026,serie_b,2,15525998,kOsxP,Londrina x Goiás,Londrina,Goiás,343214940,Iago Teles,59,,2,1,1,Yago Lincoln,1592238,D,pass,False,35.3,30.9,53.7,36.8,True,2026-06-02T14:46:54.079949Z
2026,serie_b,2,15525998,kOsxP,Londrina x Goiás,Londrina,Goiás,343214940,Iago Teles,59,,2,1,2,Thalis Cantanhede,856357,M,pass,False,57.4,35.8,79.9,15.0,True,2026-06-02T14:46:54.079949Z
2026,serie_b,2,15525998,kOsxP,Londrina x Goiás,Londrina,Goiás,343214940,Iago Teles,59,,2,1,3,Bruno Santos,1105781,F,cross,True,85.8,14.1,91.8,58.5,True,2026-06-02T14:46:54.079949Z
2026,serie_b,2,15525998,kOsxP,Londrina x Goiás,Londrina,Goiás,343214940,Iago Teles,59,,2,1,4,Iago Teles,1125099,F,goal,False,91.8,58.5,,,True,2026-06-02T14:46:54.079949Z
2026,serie_b,2,15525998,kOsxP,Londrina x Goiás,Londrina,Goiás,343212857,Anselmo Ramon,38,,1,1,1,Gegê,335807,M,cross,False,0.5,0.5,6.9,45.0,False,2026-06-02T14:46:54.079949Z
2026,serie_b,2,15525998,kOsxP,Londrina x Goiás,Londrina,Goiás,343212857,Anselmo Ramon,38,,1,1,2,Luiz Felipe,831993,D,save,False,6.9,45.0,,,False,2026-06-02T14:46:54.079949Z
2026,serie_b,2,15525998,kOsxP,Londrina x Goiás,Londrina,Goiás,343212857,Anselmo Ramon,38,,1,1,3,Anselmo Ramon,125032,F,goal,False,2.0,53.6,,,False,2026-06-02T14:46:54.079949Z
2026,serie_b,2,15525998,kOsxP,Londrina x Goiás,Londrina,Goiás,343212555,Bruno Santos,33,,1,0,1,Bruno Santos,1105781,F,goal,False,97.4,54.4,,,True,2026-06-02T14:46:54.079949Z
2026,serie_b,2,15525995,uOsbP,Ponte Preta x Ceará,Ponte Preta,Ceará,343223077,Sánchez,81,,1,1,1,Matheusinho,822523,M,pass,False,35.7,46.3,26.9,46.0,False,2026-06-02T14:46:54.079949Z
2026,serie_b,2,15525995,uOsbP,Ponte Preta x Ceará,Ponte Preta,Ceará,343223077,Sánchez,81,,1,1,2,Juan Alano,875906,M,pass,False,28.5,65.8,17.9,89.5,False,2026-06-02T14:46:54.079949Z
2026,serie_b,2,15525995,uOsbP,Ponte Preta x Ceará,Ponte Preta,Ceará,343223077,Sánchez,81,,1,1,3,Alex Silva,335187,D,pass,False,17.9,91.4,23.1,77.3,False,2026-06-02T14:46:54.079949Z
2026,serie_b,2,15525995,uOsbP,Ponte Preta x Ceará,Ponte Preta,Ceará,343223077,Sánchez,81,,1,1,4,Juan Alano,875906,M,pass,False,22.9,70.1,3.6,64.6,False,2026-06-02T14:46:54.079949Z
2026,serie_b,2,15525995,uOsbP,Ponte Preta x Ceará,Ponte Preta,Ceará,343223077,Sánchez,81,,1,1,5,Giulio,1631766,M,miss,True,3.6,64.6,,,False,2026-06-02T14:46:54.079949Z
2026,serie_b,2,15525995,uOsbP,Ponte Preta x Ceará,Ponte Preta,Ceará,343223077,Sánchez,81,,1,1,6,Sánchez,870753,D,goal,False,1.0,46.8,,,False,2026-06-02T14:46:54.079949Z
2026,serie_b,2,15525995,uOsbP,Ponte Preta x Ceará,Ponte Preta,Ceará,343221775,Luis Phelipe,53,,1,0,1,Elvis,156028,M,pass,False,72.8,58.8,87.6,91.4,True,2026-06-02T14:46:54.079949Z
2026,serie_b,2,15525995,uOsbP,Ponte Preta x Ceará,Ponte Preta,Ceará,343221775,Luis Phelipe,53,,1,0,2,Murilo,2035942,M,pass,False,94.7,93.6,81.9,86.7,True,2026-06-02T14:46:54.079949Z
2026,serie_b,2,15525995,uOsbP,Ponte Preta x Ceará,Ponte Preta,Ceará,343221775,Luis Phelipe,53,,1,0,3,Elvis,156028,M,pass,False,83.1,87.7,73.5,65.6,True,2026-06-02T14:46:54.079949Z
2026,serie_b,2,15525995,uOsbP,Ponte Preta x Ceará,Ponte Preta,Ceará,343221775,Luis Phelipe,53,,1,0,4,Rodrigo Saravia,1112862,M,pass,False,74.5,65.8,73.6,30.7,True,2026-06-02T14:46:54.079949Z
2026,serie_b,2,15525995,uOsbP,Ponte Preta x Ceará,Ponte Preta,Ceará,343221775,Luis Phelipe,53,,1,0,5,David Braz,46942,D,save,False,79.1,40.5,,,True,2026-06-02T14:46:54.079949Z
2026,serie_b,2,15525995,uOsbP,Ponte Preta x Ceará,Ponte Preta,Ceará,343221775,Luis Phelipe,53,,1,0,6,Luis Phelipe,974310,M,goal,False,95.7,47.6,,,True,2026-06-02T14:46:54.079949Z
2026,serie_b,2,15526003,pWcsHPi,CRB x Avaí,CRB,Avaí,343224644,Walace dos Santos França,85,,0,1,1,Allyson,809194,D,clearance,False,88.4,56.2,59.8,44.4,False,2026-06-02T14:46:54.079949Z
2026,serie_b,2,15526003,pWcsHPi,CRB x Avaí,CRB,Avaí,343224644,Walace dos Santos França,85,,0,1,2,Walace dos Santos França,2436887,F,ball-movement,False,59.8,44.4,,,False,2026-06-02T14:46:54.079949Z
2026,serie_b,2,15526003,pWcsHPi,CRB x Avaí,CRB,Avaí,343224644,Walace dos Santos França,85,,0,1,3,Walace dos Santos França,2436887,F,goal,False,13.6,28.6,,,False,2026-06-02T14:46:54.079949Z
2026,serie_b,2,15526001,JOsAfMc,Criciúma x Athletic Club,Criciúma,Athletic Club,343223577,Jhonata Robert,61,,1,1,1,Jhonata Robert,998494,F,goal,False,88.5,50.0,,,True,2026-06-02T14:46:54.079949Z
2026,serie_b,2,15526001,JOsAfMc,Criciúma x Athletic Club,Criciúma,Athletic Club,343219516,Ronaldo Tavares,2,,0,1,1,Ronaldo Tavares,828707,F,goal,False,11.6,62.2,,,False,2026-06-02T14:46:54.079949Z
2026,serie_b,2,15525996,JRpseau,São Bernardo x Operário-PR,São Bernardo,Operário-PR,343412443,Gabriel Boschilia,84,,1,2,1,Aylon,364528,F,pass,True,31.4,38.0,14.4,50.8,False,2026-06-02T14:46:54.079949Z
2026,serie_b,2,15525996,JRpseau,São Bernardo x Operário-PR,São Bernardo,Operário-PR,343412443,Gabriel Boschilia,84,,1,2,2,Gabriel Boschilia,358540,M,goal,False,9.8,42.3,,,False,2026-06-02T14:46:54.079949Z
2026,serie_b,2,15525996,JRpseau,São Bernardo x Operário-PR,São Bernardo,Operário-PR,343408802,Pablo,41,,1,1,1,Gabriel Boschilia,358540,M,pass,False,29.0,56.1,11.6,83.7,False,2026-06-02T14:46:54.079949Z
2026,serie_b,2,15525996,JRpseau,São Bernardo x Operário-PR,São Bernardo,Operário-PR,343408802,Pablo,41,,1,1,2,Mikael Doka,1067652,D,cross,True,5.0,76.5,11.2,40.9,False,2026-06-02T14:46:54.079949Z
2026,serie_b,2,15525996,JRpseau,São Bernardo x Operário-PR,São Bernardo,Operário-PR,343408802,Pablo,41,,1,1,3,Pablo,374486,F,goal,False,11.9,44.6,,,False,2026-06-02T14:46:54.079949Z
2026,serie_b,2,15525996,JRpseau,São Bernardo x Operário-PR,São Bernardo,Operário-PR,343406256,Romisson,2,,1,0,1,Dudu Miraíma,1017251,M,pass,False,35.2,26.0,28.1,69.5,True,2026-06-02T14:46:54.079949Z
2026,serie_b,2,15525996,JRpseau,São Bernardo x Operário-PR,São Bernardo,Operário-PR,343406256,Romisson,2,,1,0,2,Augusto,826355,D,pass,False,37.3,76.0,51.6,86.1,True,2026-06-02T14:46:54.079949Z
2026,serie_b,2,15525996,JRpseau,São Bernardo x Operário-PR,São Bernardo,Operário-PR,343406256,Romisson,2,,1,0,3,Pedrinho,896248,F,pass,False,53.5,78.1,63.9,76.6,True,2026-06-02T14:46:54.079949Z
2026,serie_b,2,15525996,JRpseau,São Bernardo x Operário-PR,São Bernardo,Operário-PR,343406256,Romisson,2,,1,0,4,Romisson,911123,M,pass,False,75.4,69.0,78.0,56.1,True,2026-06-02T14:46:54.079949Z
2026,serie_b,2,15525996,JRpseau,São Bernardo x Operário-PR,São Bernardo,Operário-PR,343406256,Romisson,2,,1,0,5,Fabrício Daniel,1128767,F,pass,True,80.1,59.8,90.4,60.3,True,2026-06-02T14:46:54.079949Z
2026,serie_b,2,15525996,JRpseau,São Bernardo x Operário-PR,São Bernardo,Operário-PR,343406256,Romisson,2,,1,0,6,Romisson,911123,M,goal,False,89.0,57.5,,,True,2026-06-02T14:46:54.079949Z
2026,serie_b,3,15526009,FOsvP,Fortaleza x Juventude,Fortaleza,Juventude,343647915,Alan Kardec,50,,2,1,1,Manuel Castro,340143,M,cross,True,0.5,0.5,3.2,43.9,False,2026-06-02T14:46:54.079949Z
2026,serie_b,3,15526009,FOsvP,Fortaleza x Juventude,Fortaleza,Juventude,343647915,Alan Kardec,50,,2,1,2,Alan Kardec,39656,F,goal,False,3.2,43.9,,,False,2026-06-02T14:46:54.079949Z
2026,serie_b,3,15526009,FOsvP,Fortaleza x Juventude,Fortaleza,Juventude,343644895,Luan Martins Gonçalves,45,1.0,2,0,1,Luan Martins Gonçalves,2120751,M,tackle,False,62.0,25.0,,,False,2026-06-02T14:46:54.079949Z
2026,serie_b,3,15526009,FOsvP,Fortaleza x Juventude,Fortaleza,Juventude,343644895,Luan Martins Gonçalves,45,1.0,2,0,2,Luan Martins Gonçalves,2120751,M,goal,False,90.9,56.8,,,False,2026-06-02T14:46:54.079949Z
2026,serie_b,3,15526009,FOsvP,Fortaleza x Juventude,Fortaleza,Juventude,343640864,Maílton,18,,1,0,1,Maílton,973857,D,goal,False,88.5,50.0,,,True,2026-06-02T14:46:54.079949Z
2026,serie_b,3,15526013,bPscJu,Cuiabá x Ceará,Cuiabá,Ceará,343658051,Juan Alano,79,,0,2,1,Luiz Otávio,874778,D,pass,False,66.2,59.9,66.5,22.2,False,2026-06-02T14:46:54.079949Z
2026,serie_b,3,15526013,bPscJu,Cuiabá x Ceará,Cuiabá,Ceará,343658051,Juan Alano,79,,0,2,2,Éder,842072,D,pass,False,66.7,18.0,59.2,4.3,False,2026-06-02T14:46:54.079949Z
2026,serie_b,3,15526013,bPscJu,Cuiabá x Ceará,Cuiabá,Ceará,343658051,Juan Alano,79,,0,2,3,Sánchez,870753,D,pass,False,58.8,5.5,38.8,20.4,False,2026-06-02T14:46:54.079949Z
2026,serie_b,3,15526013,bPscJu,Cuiabá x Ceará,Cuiabá,Ceará,343658051,Juan Alano,79,,0,2,4,Fernandinho,871219,M,pass,False,38.8,20.4,38.6,10.4,False,2026-06-02T14:46:54.079949Z
2026,serie_b,3,15526013,bPscJu,Cuiabá x Ceará,Cuiabá,Ceará,343658051,Juan Alano,79,,0,2,5,João Gabriel,2118168,D,ball-movement,False,38.6,10.4,17.3,47.6,False,2026-06-02T14:46:54.079949Z
2026,serie_b,3,15526013,bPscJu,Cuiabá x Ceará,Cuiabá,Ceará,343658051,Juan Alano,79,,0,2,6,João Gabriel,2118168,D,pass,True,23.8,11.6,17.3,47.6,False,2026-06-02T14:46:54.079949Z
2026,serie_b,3,15526013,bPscJu,Cuiabá x Ceará,Cuiabá,Ceará,343658051,Juan Alano,79,,0,2,7,Juan Alano,875906,M,goal,False,9.9,48.1,,,False,2026-06-02T14:46:54.079949Z
2026,serie_b,3,15526013,bPscJu,Cuiabá x Ceará,Cuiabá,Ceará,343657490,Juan Alano,71,,0,1,1,Fernandinho,871219,M,pass,False,26.6,71.1,12.3,58.8,False,2026-06-02T14:46:54.079949Z
2026,serie_b,3,15526013,bPscJu,Cuiabá x Ceará,Cuiabá,Ceará,343657490,Juan Alano,71,,0,1,2,Wendel,937265,F,pass,True,11.6,62.9,8.2,43.2,False,2026-06-02T14:46:54.079949Z
2026,serie_b,3,15526013,bPscJu,Cuiabá x Ceará,Cuiabá,Ceará,343657490,Juan Alano,71,,0,1,3,Juan Alano,875906,M,goal,False,8.2,43.2,,,False,2026-06-02T14:46:54.079949Z
2026,serie_b,3,15526012,uOslP,Náutico x Ponte Preta,Náutico,Ponte Preta,343658244,Vinícius,78,,1,0,1,Vinícius,124807,M,goal,False,88.5,50.0,,,True,2026-06-02T14:46:54.079949Z
2026,serie_b,3,15526014,wPsoWc,Vila Nova FC x Atlético Goianiense,Vila Nova FC,Atlético Goianiense,343665871,Gustavo Puskas,88,,2,1,1,Gustavo Puskas,2034257,F,tackle,False,93.8,58.7,,,True,2026-06-02T14:46:54.079949Z
2026,serie_b,3,15526014,wPsoWc,Vila Nova FC x Atlético Goianiense,Vila Nova FC,Atlético Goianiense,343665871,Gustavo Puskas,88,,2,1,2,Gustavo Puskas,2034257,F,goal,False,93.2,51.0,,,True,2026-06-02T14:46:54.079949Z
2026,serie_b,3,15526014,wPsoWc,Vila Nova FC x Atlético Goianiense,Vila Nova FC,Atlético Goianiense,343664405,Marquinhos Gabriel,65,,1,1,1,Marquinhos Gabriel,90812,M,goal,False,88.5,50.0,,,True,2026-06-02T14:46:54.079949Z
2026,serie_b,3,15526014,wPsoWc,Vila Nova FC x Atlético Goianiense,Vila Nova FC,Atlético Goianiense,343661364,Marrony,33,,0,1,1,Redney Emanuel de Jesus Assis,2034254,M,pass,False,26.8,49.1,8.7,11.3,False,2026-06-02T14:46:54.079949Z
2026,serie_b,3,15526014,wPsoWc,Vila Nova FC x Atlético Goianiense,Vila Nova FC,Atlético Goianiense,343661364,Marrony,33,,0,1,2,Geovany Soares,1640631,M,cross,True,11.2,18.0,4.8,53.0,False,2026-06-02T14:46:54.079949Z
2026,serie_b,3,15526014,wPsoWc,Vila Nova FC x Atlético Goianiense,Vila Nova FC,Atlético Goianiense,343661364,Marrony,33,,0,1,3,Marrony,926871,M,goal,False,5.2,51.5,,,False,2026-06-02T14:46:54.079949Z
2026,serie_b,3,15526006,HPisokeb,Grêmio Novorizontino x CRB,Grêmio Novorizontino,CRB,343774949,Dadá Belmonte,90,4.0,1,1,1,Dadá Belmonte,926786,F,goal,False,2.6,44.0,,,False,2026-06-02T14:46:54.079949Z
2026,serie_b,3,15526006,HPisokeb,Grêmio Novorizontino x CRB,Grêmio Novorizontino,CRB,343773771,Carlão,74,,1,0,1,Juninho,1016874,M,pass,False,72.7,22.5,96.0,8.4,True,2026-06-02T14:46:54.079949Z
2026,serie_b,3,15526006,HPisokeb,Grêmio Novorizontino x CRB,Grêmio Novorizontino,CRB,343773771,Carlão,74,,1,0,2,Rômulo,1105078,M,cross,True,97.0,12.3,94.8,56.6,True,2026-06-02T14:46:54.079949Z
2026,serie_b,3,15526006,HPisokeb,Grêmio Novorizontino x CRB,Grêmio Novorizontino,CRB,343773771,Carlão,74,,1,0,3,Carlão,922564,F,goal,False,94.8,56.6,,,True,2026-06-02T14:46:54.079949Z
2026,serie_b,3,15526007,yOsAfMc,Athletic Club x América Mineiro,Athletic Club,América Mineiro,343781213,Gonzalo Mastriani,82,,1,1,1,Gonzalo Mastriani,345847,F,goal,False,3.9,45.8,,,False,2026-06-02T14:46:54.079949Z
2026,serie_b,3,15526007,yOsAfMc,Athletic Club x América Mineiro,Athletic Club,América Mineiro,343777228,Ronaldo Tavares,37,,1,0,1,Diogo Batista de Souza,1588320,D,pass,False,38.2,11.7,28.1,35.8,True,2026-06-02T14:46:54.079949Z
2026,serie_b,3,15526007,yOsAfMc,Athletic Club x América Mineiro,Athletic Club,América Mineiro,343777228,Ronaldo Tavares,37,,1,0,2,Lucas Belezi,1130040,D,pass,False,40.5,29.2,36.6,62.7,True,2026-06-02T14:46:54.079949Z
2026,serie_b,3,15526007,yOsAfMc,Athletic Club x América Mineiro,Athletic Club,América Mineiro,343777228,Ronaldo Tavares,37,,1,0,3,Gabriel Indio,2282980,D,pass,False,39.4,63.1,61.9,96.1,True,2026-06-02T14:46:54.079949Z
2026,serie_b,3,15526007,yOsAfMc,Athletic Club x América Mineiro,Athletic Club,América Mineiro,343777228,Ronaldo Tavares,37,,1,0,4,Ian Luccas,1046496,M,pass,False,61.8,96.3,79.7,95.7,True,2026-06-02T14:46:54.079949Z
2026,serie_b,3,15526007,yOsAfMc,Athletic Club x América Mineiro,Athletic Club,América Mineiro,343777228,Ronaldo Tavares,37,,1,0,5,Ruan Lucas de Assis,1495892,F,pass,True,74.6,79.9,89.2,65.4,True,2026-06-02T14:46:54.079949Z
2026,serie_b,3,15526007,yOsAfMc,Athletic Club x América Mineiro,Athletic Club,América Mineiro,343777228,Ronaldo Tavares,37,,1,0,6,Ronaldo Tavares,828707,F,goal,False,95.2,66.2,,,True,2026-06-02T14:46:54.079949Z
2026,serie_b,3,15526005,EOseau,Botafogo-SP x São Bernardo,Botafogo-SP,São Bernardo,343783561,Daniel Amorim,90,3.0,1,2,1,Augusto,826355,D,pass,False,47.0,24.0,41.6,27.1,False,2026-06-02T14:46:54.079949Z
2026,serie_b,3,15526005,EOseau,Botafogo-SP x São Bernardo,Botafogo-SP,São Bernardo,343783561,Daniel Amorim,90,3.0,1,2,2,Júnior Urso,243251,M,pass,False,41.5,27.1,42.8,5.4,False,2026-06-02T14:46:54.079949Z
2026,serie_b,3,15526005,EOseau,Botafogo-SP x São Bernardo,Botafogo-SP,São Bernardo,343783561,Daniel Amorim,90,3.0,1,2,3,Romisson,911123,M,pass,False,42.6,5.6,28.2,22.8,False,2026-06-02T14:46:54.079949Z
2026,serie_b,3,15526005,EOseau,Botafogo-SP x São Bernardo,Botafogo-SP,São Bernardo,343783561,Daniel Amorim,90,3.0,1,2,4,Pará,552188,D,pass,False,28.0,22.9,13.6,11.2,False,2026-06-02T14:46:54.079949Z
2026,serie_b,3,15526005,EOseau,Botafogo-SP x São Bernardo,Botafogo-SP,São Bernardo,343783561,Daniel Amorim,90,3.0,1,2,5,Echaporã,981418,M,cross,True,16.1,21.1,3.9,52.2,False,2026-06-02T14:46:54.079949Z
2026,serie_b,3,15526005,EOseau,Botafogo-SP x São Bernardo,Botafogo-SP,São Bernardo,343783561,Daniel Amorim,90,3.0,1,2,6,Daniel Amorim,869443,F,goal,False,3.9,52.2,,,False,2026-06-02T14:46:54.079949Z
2026,serie_b,3,15526005,EOseau,Botafogo-SP x São Bernardo,Botafogo-SP,São Bernardo,343781212,Rodrigo Ferreira,49,,1,1,1,Pedro Vitor,976852,F,ball-touch,True,2.1,60.8,,,False,2026-06-02T14:46:54.079949Z
2026,serie_b,3,15526005,EOseau,Botafogo-SP x São Bernardo,Botafogo-SP,São Bernardo,343781212,Rodrigo Ferreira,49,,1,1,2,Rodrigo Ferreira,1048150,D,goal,False,2.7,53.6,,,False,2026-06-02T14:46:54.079949Z
2026,serie_b,3,15526005,EOseau,Botafogo-SP x São Bernardo,Botafogo-SP,São Bernardo,343777082,Hygor,4,,1,0,1,Leandro Maciel,840847,M,pass,False,32.9,46.1,43.8,31.4,True,2026-06-02T14:46:54.079949Z
2026,serie_b,3,15526005,EOseau,Botafogo-SP x São Bernardo,Botafogo-SP,São Bernardo,343777082,Hygor,4,,1,0,2,Jonathan,882351,D,ball-movement,False,43.8,31.4,92.7,34.6,True,2026-06-02T14:46:54.079949Z
2026,serie_b,3,15526005,EOseau,Botafogo-SP x São Bernardo,Botafogo-SP,São Bernardo,343777082,Hygor,4,,1,0,3,Jonathan,882351,D,pass,True,74.5,9.4,92.7,34.6,True,2026-06-02T14:46:54.079949Z
2026,serie_b,3,15526005,EOseau,Botafogo-SP x São Bernardo,Botafogo-SP,São Bernardo,343777082,Hygor,4,,1,0,4,Hygor,832472,F,goal,False,96.4,36.0,,,True,2026-06-02T14:46:54.079949Z
2026,serie_b,3,15526010,kOsJO,Goiás x Criciúma,Goiás,Criciúma,343880011,Cadu,58,,1,0,1,Anselmo Ramon,125032,F,pass,True,96.4,32.3,93.0,48.3,True,2026-06-02T14:46:54.079949Z
2026,serie_b,3,15526010,kOsJO,Goiás x Criciúma,Goiás,Criciúma,343880011,Cadu,58,,1,0,2,Cadu,1199473,F,goal,False,93.0,48.3,,,True,2026-06-02T14:46:54.079949Z
2026,serie_b,4,15526021,EOsJO,Criciúma x Botafogo-SP,Criciúma,Botafogo-SP,344308323,Rómulo Otero,90,7.0,1,0,1,Rómulo Otero,845323,M,goal,False,72.4,64.3,,,True,2026-06-02T14:46:54.079949Z
2026,serie_b,4,15526024,kOsFO,Juventude x Goiás,Juventude,Goiás,344378464,Alan Kardec,60,,2,0,1,Wadson,1192068,D,tackle,False,31.3,86.2,,,True,2026-06-02T14:46:54.079949Z
2026,serie_b,4,15526024,kOsFO,Juventude x Goiás,Juventude,Goiás,344378464,Alan Kardec,60,,2,0,2,Luan Martins Gonçalves,2120751,M,pass,False,31.1,73.4,36.7,77.2,True,2026-06-02T14:46:54.079949Z
2026,serie_b,4,15526024,kOsFO,Juventude x Goiás,Juventude,Goiás,344378464,Alan Kardec,60,,2,0,3,Allanzinho,988782,M,ball-movement,False,36.7,77.2,85.3,77.3,True,2026-06-02T14:46:54.079949Z
2026,serie_b,4,15526024,kOsFO,Juventude x Goiás,Juventude,Goiás,344378464,Alan Kardec,60,,2,0,4,Allanzinho,988782,M,pass,False,83.2,71.2,85.3,77.3,True,2026-06-02T14:46:54.079949Z
2026,serie_b,4,15526024,kOsFO,Juventude x Goiás,Juventude,Goiás,344378464,Alan Kardec,60,,2,0,5,Wadson,1192068,D,cross,True,85.0,78.9,90.2,55.2,True,2026-06-02T14:46:54.079949Z
2026,serie_b,4,15526024,kOsFO,Juventude x Goiás,Juventude,Goiás,344378464,Alan Kardec,60,,2,0,6,Alan Kardec,39656,F,goal,False,90.2,55.2,,,True,2026-06-02T14:46:54.079949Z
2026,serie_b,4,15526024,kOsFO,Juventude x Goiás,Juventude,Goiás,344376622,Luiz Felipe,39,,1,0,1,Raí Ramos,879591,D,cross,False,76.1,8.6,95.6,60.1,True,2026-06-02T14:46:54.079949Z
2026,serie_b,4,15526024,kOsFO,Juventude x Goiás,Juventude,Goiás,344376622,Luiz Felipe,39,,1,0,2,Marcos Paulo,1170913,D,pass,False,95.6,60.1,93.7,56.4,True,2026-06-02T14:46:54.079949Z
2026,serie_b,4,15526024,kOsFO,Juventude x Goiás,Juventude,Goiás,344376622,Luiz Felipe,39,,1,0,3,Luiz Felipe,831993,D,goal,False,93.6,58.3,,,False,2026-06-02T14:46:54.079949Z
2026,serie_b,4,15526015,uOswP,Ponte Preta x Vila Nova FC,Ponte Preta,Vila Nova FC,344380297,Ryan Lima,38,,0,1,1,Marquinhos Gabriel,90812,M,pass,False,36.1,29.7,47.7,14.7,False,2026-06-02T14:46:54.079949Z
2026,serie_b,4,15526015,uOswP,Ponte Preta x Vila Nova FC,Ponte Preta,Vila Nova FC,344380297,Ryan Lima,38,,0,1,2,Higor,1991456,D,pass,False,45.3,15.0,43.2,35.8,False,2026-06-02T14:46:54.079949Z
2026,serie_b,4,15526015,uOswP,Ponte Preta x Vila Nova FC,Ponte Preta,Vila Nova FC,344380297,Ryan Lima,38,,0,1,3,Willian Maranhão,868120,M,pass,False,38.8,37.3,19.1,7.9,False,2026-06-02T14:46:54.079949Z
2026,serie_b,4,15526015,uOswP,Ponte Preta x Vila Nova FC,Ponte Preta,Vila Nova FC,344380297,Ryan Lima,38,,0,1,4,Janderson,870898,M,cross,True,19.7,6.1,12.0,68.2,False,2026-06-02T14:46:54.079949Z
2026,serie_b,4,15526015,uOswP,Ponte Preta x Vila Nova FC,Ponte Preta,Vila Nova FC,344380297,Ryan Lima,38,,0,1,5,Ryan Lima,1634692,F,goal,False,19.7,56.1,,,False,2026-06-02T14:46:54.079949Z
2026,serie_b,4,15526019,bPslP,Ceará x Náutico,Ceará,Náutico,344384498,Fernandinho,47,,1,0,1,Vina,1101714,M,cross,False,84.0,5.8,95.9,50.1,True,2026-06-02T14:46:54.079949Z
2026,serie_b,4,15526019,bPslP,Ceará x Náutico,Ceará,Náutico,344384498,Fernandinho,47,,1,0,2,Fernandinho,871219,M,goal,False,86.4,52.8,,,True,2026-06-02T14:46:54.079949Z
2026,serie_b,4,15526017,yOsokeb,América Mineiro x Grêmio Novorizontino,América Mineiro,Grêmio Novorizontino,344440248,Tavinho,90,2.0,0,3,1,Luís Oyama,922570,M,interception,False,64.2,26.7,,,False,2026-06-02T14:46:54.079949Z
2026,serie_b,4,15526017,yOsokeb,América Mineiro x Grêmio Novorizontino,América Mineiro,Grêmio Novorizontino,344440248,Tavinho,90,2.0,0,3,2,Luís Oyama,922570,M,pass,False,53.4,34.3,48.9,48.8,False,2026-06-02T14:46:54.079949Z
2026,serie_b,4,15526017,yOsokeb,América Mineiro x Grêmio Novorizontino,América Mineiro,Grêmio Novorizontino,344440248,Tavinho,90,2.0,0,3,3,Juninho,1016874,M,pass,True,46.7,51.0,19.0,79.1,False,2026-06-02T14:46:54.079949Z
2026,serie_b,4,15526017,yOsokeb,América Mineiro x Grêmio Novorizontino,América Mineiro,Grêmio Novorizontino,344440248,Tavinho,90,2.0,0,3,4,Tavinho,1836636,M,goal,False,15.4,60.7,,,False,2026-06-02T14:46:54.079949Z
2026,serie_b,4,15526017,yOsokeb,América Mineiro x Grêmio Novorizontino,América Mineiro,Grêmio Novorizontino,344439737,Sander,74,,0,2,1,Juninho,1016874,M,save,False,8.8,52.1,,,False,2026-06-02T14:46:54.079949Z
2026,serie_b,4,15526017,yOsokeb,América Mineiro x Grêmio Novorizontino,América Mineiro,Grêmio Novorizontino,344439737,Sander,74,,0,2,2,Sander,795014,D,goal,False,6.0,46.4,,,False,2026-06-02T14:46:54.079949Z
2026,serie_b,4,15526017,yOsokeb,América Mineiro x Grêmio Novorizontino,América Mineiro,Grêmio Novorizontino,344439674,Diego Galo,71,,0,1,1,Matheus Bianqui,981746,M,pass,False,26.7,91.1,23.7,69.0,False,2026-06-02T14:46:54.079949Z
2026,serie_b,4,15526017,yOsokeb,América Mineiro x Grêmio Novorizontino,América Mineiro,Grêmio Novorizontino,344439674,Diego Galo,71,,0,1,2,Juninho,1016874,M,pass,True,19.5,53.1,9.8,33.7,False,2026-06-02T14:46:54.079949Z
2026,serie_b,4,15526017,yOsokeb,América Mineiro x Grêmio Novorizontino,América Mineiro,Grêmio Novorizontino,344439674,Diego Galo,71,,0,1,3,Diego Galo,1651675,M,goal,False,8.9,37.4,,,False,2026-06-02T14:46:54.079949Z
2026,serie_b,4,15526016,vPseau,São Bernardo x Fortaleza,São Bernardo,Fortaleza,344440240,Juan Miritello,87,,0,1,1,Juan Miritello,1003721,F,goal,False,3.6,56.7,,,False,2026-06-02T14:46:54.079949Z
2026,serie_b,4,15526023,HPisAfMc,CRB x Athletic Club,CRB,Athletic Club,344444555,Ronaldo Tavares,90,11.0,2,3,1,Ronaldo Tavares,828707,F,goal,False,11.5,50.0,,,False,2026-06-02T14:46:54.079949Z
2026,serie_b,4,15526023,HPisAfMc,CRB x Athletic Club,CRB,Athletic Club,344443815,Ronaldo Tavares,79,,2,2,1,Joao Miguel,2032278,M,pass,False,43.0,63.9,48.5,60.5,False,2026-06-02T14:46:54.079949Z
2026,serie_b,4,15526023,HPisAfMc,CRB x Athletic Club,CRB,Athletic Club,344443815,Ronaldo Tavares,79,,2,2,2,Lucas Belezi,1130040,D,ball-movement,False,48.5,60.5,,,False,2026-06-02T14:46:54.079949Z
2026,serie_b,4,15526023,HPisAfMc,CRB x Athletic Club,CRB,Athletic Club,344443815,Ronaldo Tavares,79,,2,2,3,Lucas Belezi,1130040,D,tackle,False,84.6,62.8,,,False,2026-06-02T14:46:54.079949Z
2026,serie_b,4,15526023,HPisAfMc,CRB x Athletic Club,CRB,Athletic Club,344443815,Ronaldo Tavares,79,,2,2,4,Lucas Belezi,1130040,D,pass,False,86.0,92.6,65.4,96.8,False,2026-06-02T14:46:54.079949Z
2026,serie_b,4,15526023,HPisAfMc,CRB x Athletic Club,CRB,Athletic Club,344443815,Ronaldo Tavares,79,,2,2,5,Zeca,555454,D,pass,True,53.6,93.6,22.8,63.7,False,2026-06-02T14:46:54.079949Z
2026,serie_b,4,15526023,HPisAfMc,CRB x Athletic Club,CRB,Athletic Club,344443815,Ronaldo Tavares,79,,2,2,6,Ronaldo Tavares,828707,F,ball-movement,False,22.8,63.7,,,False,2026-06-02T14:46:54.079949Z
2026,serie_b,4,15526023,HPisAfMc,CRB x Athletic Club,CRB,Athletic Club,344443815,Ronaldo Tavares,79,,2,2,7,Ronaldo Tavares,828707,F,goal,False,6.4,65.4,,,False,2026-06-02T14:46:54.079949Z
2026,serie_b,4,15526023,HPisAfMc,CRB x Athletic Club,CRB,Athletic Club,344442995,Ronaldo Tavares,49,,2,1,1,Jhonathan,1467761,D,pass,False,46.6,70.9,37.5,59.5,False,2026-06-02T14:46:54.079949Z
2026,serie_b,4,15526023,HPisAfMc,CRB x Athletic Club,CRB,Athletic Club,344442995,Ronaldo Tavares,49,,2,1,2,Jota,1200993,M,pass,False,38.6,64.0,48.3,71.8,False,2026-06-02T14:46:54.079949Z
2026,serie_b,4,15526023,HPisAfMc,CRB x Athletic Club,CRB,Athletic Club,344442995,Ronaldo Tavares,49,,2,1,3,Jhonathan,1467761,D,pass,False,51.9,70.7,56.3,50.7,False,2026-06-02T14:46:54.079949Z
2026,serie_b,4,15526023,HPisAfMc,CRB x Athletic Club,CRB,Athletic Club,344442995,Ronaldo Tavares,49,,2,1,4,Lucas Belezi,1130040,D,pass,False,52.6,45.5,35.2,58.1,False,2026-06-02T14:46:54.079949Z
2026,serie_b,4,15526023,HPisAfMc,CRB x Athletic Club,CRB,Athletic Club,344442995,Ronaldo Tavares,49,,2,1,5,Jota,1200993,M,pass,True,34.1,60.9,6.8,61.1,False,2026-06-02T14:46:54.079949Z
2026,serie_b,4,15526023,HPisAfMc,CRB x Athletic Club,CRB,Athletic Club,344442995,Ronaldo Tavares,49,,2,1,6,Ronaldo Tavares,828707,F,goal,False,6.8,61.1,,,False,2026-06-02T14:46:54.079949Z
2026,serie_b,4,15526023,HPisAfMc,CRB x Athletic Club,CRB,Athletic Club,344442102,Douglas Baggio,45,5.0,2,0,1,Douglas Baggio,795035,F,goal,False,88.5,50.0,,,True,2026-06-02T14:46:54.079949Z
2026,serie_b,4,15526023,HPisAfMc,CRB x Athletic Club,CRB,Athletic Club,344441290,Pedro Castro,21,,1,0,1,Diogo Hereda,981295,D,pass,False,57.5,18.7,55.8,33.0,True,2026-06-02T14:46:54.079949Z
2026,serie_b,4,15526023,HPisAfMc,CRB x Athletic Club,CRB,Athletic Club,344441290,Pedro Castro,21,,1,0,2,Luizão,885854,M,pass,False,55.6,28.9,60.8,4.9,True,2026-06-02T14:46:54.079949Z
2026,serie_b,4,15526023,HPisAfMc,CRB x Athletic Club,CRB,Athletic Club,344441290,Pedro Castro,21,,1,0,3,Danielzinho,840218,M,pass,False,63.2,18.0,73.1,21.6,True,2026-06-02T14:46:54.079949Z
2026,serie_b,4,15526023,HPisAfMc,CRB x Athletic Club,CRB,Athletic Club,344441290,Pedro Castro,21,,1,0,4,Douglas Baggio,795035,F,pass,False,73.3,20.2,91.7,3.7,True,2026-06-02T14:46:54.079949Z
2026,serie_b,4,15526023,HPisAfMc,CRB x Athletic Club,CRB,Athletic Club,344441290,Pedro Castro,21,,1,0,5,Diogo Hereda,981295,D,cross,True,95.4,4.7,91.9,44.1,True,2026-06-02T14:46:54.079949Z
2026,serie_b,4,15526023,HPisAfMc,CRB x Athletic Club,CRB,Athletic Club,344441290,Pedro Castro,21,,1,0,6,Pedro Castro,243185,M,goal,False,91.9,44.1,,,True,2026-06-02T14:46:54.079949Z
2026,serie_b,4,15526020,xPsoWc,Atlético Goianiense x Londrina,Atlético Goianiense,Londrina,344444996,Emiliano Rodriguez,90,,2,1,1,Rafael Monteiro,1485293,D,throw-in,False,29.1,0.0,28.1,18.0,False,2026-06-02T14:46:54.079949Z
2026,serie_b,4,15526020,xPsoWc,Atlético Goianiense x Londrina,Atlético Goianiense,Londrina,344444996,Emiliano Rodriguez,90,,2,1,2,Caio Rafael,1199393,M,pass,False,28.6,22.6,21.7,47.2,False,2026-06-02T14:46:54.079949Z
2026,serie_b,4,15526020,xPsoWc,Atlético Goianiense x Londrina,Atlético Goianiense,Londrina,344444996,Emiliano Rodriguez,90,,2,1,3,Bruno Santos,1105781,F,pass,False,23.0,40.8,35.4,48.6,False,2026-06-02T14:46:54.079949Z
2026,serie_b,4,15526020,xPsoWc,Atlético Goianiense x Londrina,Atlético Goianiense,Londrina,344444996,Emiliano Rodriguez,90,,2,1,4,Lucas Marques,796100,M,pass,False,36.0,50.1,18.9,90.6,False,2026-06-02T14:46:54.079949Z
2026,serie_b,4,15526020,xPsoWc,Atlético Goianiense x Londrina,Atlético Goianiense,Londrina,344444996,Emiliano Rodriguez,90,,2,1,5,Weverton,985888,D,ball-movement,False,18.9,90.6,9.4,63.2,False,2026-06-02T14:46:54.079949Z
2026,serie_b,4,15526020,xPsoWc,Atlético Goianiense x Londrina,Atlético Goianiense,Londrina,344444996,Emiliano Rodriguez,90,,2,1,6,Weverton,985888,D,pass,True,5.4,80.1,9.4,63.2,False,2026-06-02T14:46:54.079949Z
2026,serie_b,4,15526020,xPsoWc,Atlético Goianiense x Londrina,Atlético Goianiense,Londrina,344444996,Emiliano Rodriguez,90,,2,1,7,Emiliano Rodriguez,1177548,F,goal,False,11.4,61.5,,,False,2026-06-02T14:46:54.079949Z
2026,serie_b,4,15526020,xPsoWc,Atlético Goianiense x Londrina,Atlético Goianiense,Londrina,344444831,Leo Jacó,86,,2,0,1,Ewerthon,992512,D,pass,False,44.4,29.7,62.3,25.3,True,2026-06-02T14:46:54.079949Z
2026,serie_b,4,15526020,xPsoWc,Atlético Goianiense x Londrina,Atlético Goianiense,Londrina,344444831,Leo Jacó,86,,2,0,2,Léo Tocantins,965313,D,ball-movement,False,62.3,25.3,74.5,16.6,True,2026-06-02T14:46:54.079949Z
2026,serie_b,4,15526020,xPsoWc,Atlético Goianiense x Londrina,Atlético Goianiense,Londrina,344444831,Leo Jacó,86,,2,0,3,Léo Tocantins,965313,D,pass,False,73.6,7.3,74.5,16.6,True,2026-06-02T14:46:54.079949Z
2026,serie_b,4,15526020,xPsoWc,Atlético Goianiense x Londrina,Atlético Goianiense,Londrina,344444831,Leo Jacó,86,,2,0,4,Guilherme Marques,109610,M,pass,True,74.6,18.4,85.5,36.6,True,2026-06-02T14:46:54.079949Z
2026,serie_b,4,15526020,xPsoWc,Atlético Goianiense x Londrina,Atlético Goianiense,Londrina,344444831,Leo Jacó,86,,2,0,5,Leo Jacó,1462709,F,goal,False,91.0,44.7,,,True,2026-06-02T14:46:54.079949Z
2026,serie_b,4,15526020,xPsoWc,Atlético Goianiense x Londrina,Atlético Goianiense,Londrina,344442088,Guilherme Lopes,21,,1,0,1,Ewerthon,992512,D,cross,True,99.5,99.5,95.4,65.6,True,2026-06-02T14:46:54.079949Z
2026,serie_b,4,15526020,xPsoWc,Atlético Goianiense x Londrina,Atlético Goianiense,Londrina,344442088,Guilherme Lopes,21,,1,0,2,Guilherme Lopes,1097858,D,goal,False,95.4,65.6,,,True,2026-06-02T14:46:54.079949Z
2026,serie_b,5,15526032,lPseau,Náutico x São Bernardo,Náutico,São Bernardo,344977165,Pablo Dyego,88,,0,3,1,Echaporã,981418,M,tackle,False,83.8,31.4,,,False,2026-06-02T14:46:54.079949Z
2026,serie_b,5,15526032,lPseau,Náutico x São Bernardo,Náutico,São Bernardo,344977165,Pablo Dyego,88,,0,3,2,Echaporã,981418,M,pass,False,71.5,27.0,54.7,54.2,False,2026-06-02T14:46:54.079949Z
2026,serie_b,5,15526032,lPseau,Náutico x São Bernardo,Náutico,São Bernardo,344977165,Pablo Dyego,88,,0,3,3,Pablo Dyego,550248,F,pass,False,53.8,55.8,32.3,16.4,False,2026-06-02T14:46:54.079949Z
2026,serie_b,5,15526032,lPseau,Náutico x São Bernardo,Náutico,São Bernardo,344977165,Pablo Dyego,88,,0,3,4,Romisson,911123,M,pass,False,20.1,20.5,20.4,28.6,False,2026-06-02T14:46:54.079949Z
2026,serie_b,5,15526032,lPseau,Náutico x São Bernardo,Náutico,São Bernardo,344977165,Pablo Dyego,88,,0,3,5,Pablo Dyego,550248,F,goal,False,12.5,38.3,,,False,2026-06-02T14:46:54.079949Z
2026,serie_b,5,15526032,lPseau,Náutico x São Bernardo,Náutico,São Bernardo,344976874,Foguinho,81,,0,2,1,Pedro Vitor,976852,F,cross,False,0.5,0.5,7.4,53.8,False,2026-06-02T14:46:54.079949Z
2026,serie_b,5,15526032,lPseau,Náutico x São Bernardo,Náutico,São Bernardo,344976874,Foguinho,81,,0,2,2,Helder Maciel,980777,D,miss,True,7.4,53.8,,,False,2026-06-02T14:46:54.079949Z
2026,serie_b,5,15526032,lPseau,Náutico x São Bernardo,Náutico,São Bernardo,344976874,Foguinho,81,,0,2,3,Foguinho,888385,M,goal,False,3.2,48.3,,,False,2026-06-02T14:46:54.079949Z
2026,serie_b,5,15526032,lPseau,Náutico x São Bernardo,Náutico,São Bernardo,344976230,Pedro Vitor,64,,0,1,1,Pedro Vitor,976852,F,goal,False,8.5,67.5,,,False,2026-06-02T14:46:54.079949Z
2026,serie_b,5,15526034,wPsJRp,Vila Nova FC x Operário-PR,Vila Nova FC,Operário-PR,344976482,Ryan Lima,50,,2,1,1,Marquinhos Gabriel,90812,M,pass,True,88.5,67.9,94.5,41.5,True,2026-06-02T14:46:54.079949Z
2026,serie_b,5,15526034,wPsJRp,Vila Nova FC x Operário-PR,Vila Nova FC,Operário-PR,344976482,Ryan Lima,50,,2,1,2,Ryan Lima,1634692,F,goal,False,94.5,41.5,,,True,2026-06-02T14:46:54.079949Z
2026,serie_b,5,15526034,wPsJRp,Vila Nova FC x Operário-PR,Vila Nova FC,Operário-PR,344975033,Vinicius Diniz Dall Antonia,43,,1,1,1,Gabriel Boschilia,358540,M,cross,True,0.5,99.5,2.2,56.1,False,2026-06-02T14:46:54.079949Z
2026,serie_b,5,15526034,wPsJRp,Vila Nova FC x Operário-PR,Vila Nova FC,Operário-PR,344975033,Vinicius Diniz Dall Antonia,43,,1,1,2,Vinícius Diniz,1148464,M,goal,False,2.2,56.1,,,False,2026-06-02T14:46:54.079949Z
2026,serie_b,5,15526034,wPsJRp,Vila Nova FC x Operário-PR,Vila Nova FC,Operário-PR,344973946,Rafael Silva,19,,1,0,1,Rafael Silva,243963,F,pass,False,76.8,62.4,71.1,51.6,True,2026-06-02T14:46:54.079949Z
2026,serie_b,5,15526034,wPsJRp,Vila Nova FC x Operário-PR,Vila Nova FC,Operário-PR,344973946,Rafael Silva,19,,1,0,2,Marquinhos Gabriel,90812,M,post,False,74.7,54.4,,,True,2026-06-02T14:46:54.079949Z
2026,serie_b,5,15526034,wPsJRp,Vila Nova FC x Operário-PR,Vila Nova FC,Operário-PR,344973946,Rafael Silva,19,,1,0,3,Rafael Silva,243963,F,goal,False,89.9,51.6,,,True,2026-06-02T14:46:54.079949Z
2026,serie_b,5,15526031,uOspWc,Avaí x Ponte Preta,Avaí,Ponte Preta,344982662,Diego Tavares,60,,1,2,1,William Pottker,243501,F,penalty-save,False,11.5,50.0,,,False,2026-06-02T14:46:54.079949Z
2026,serie_b,5,15526031,uOspWc,Avaí x Ponte Preta,Avaí,Ponte Preta,344982662,Diego Tavares,60,,1,2,2,William Pottker,243501,F,save,False,2.4,58.9,,,False,2026-06-02T14:46:54.079949Z
2026,serie_b,5,15526031,uOspWc,Avaí x Ponte Preta,Avaí,Ponte Preta,344982662,Diego Tavares,60,,1,2,3,Diego Tavares,871003,M,goal,False,5.5,53.2,,,False,2026-06-02T14:46:54.079949Z
2026,serie_b,5,15526031,uOspWc,Avaí x Ponte Preta,Avaí,Ponte Preta,344980831,William Pottker,45,2.0,1,1,1,William Pottker,243501,F,goal,False,11.5,50.0,,,False,2026-06-02T14:46:54.079949Z
2026,serie_b,5,15526031,uOspWc,Avaí x Ponte Preta,Avaí,Ponte Preta,344980425,Jean Lucas,38,,1,0,1,Paulo Vitor,1488136,M,pass,False,36.8,44.5,27.7,40.7,True,2026-06-02T14:46:54.079949Z
2026,serie_b,5,15526031,uOspWc,Avaí x Ponte Preta,Avaí,Ponte Preta,344980425,Jean Lucas,38,,1,0,2,Allyson,809194,D,pass,False,31.0,35.7,56.4,14.3,True,2026-06-02T14:46:54.079949Z
2026,serie_b,5,15526031,uOspWc,Avaí x Ponte Preta,Avaí,Ponte Preta,344980425,Jean Lucas,38,,1,0,3,Thayllon Roberth,1633708,M,pass,False,56.4,14.3,85.7,8.5,True,2026-06-02T14:46:54.079949Z
2026,serie_b,5,15526031,uOspWc,Avaí x Ponte Preta,Avaí,Ponte Preta,344980425,Jean Lucas,38,,1,0,4,Luiz Henrique,1015283,M,pass,False,89.2,6.7,96.1,24.6,True,2026-06-02T14:46:54.079949Z
2026,serie_b,5,15526031,uOspWc,Avaí x Ponte Preta,Avaí,Ponte Preta,344980425,Jean Lucas,38,,1,0,5,Thayllon Roberth,1633708,M,pass,True,96.1,24.6,88.4,43.0,True,2026-06-02T14:46:54.079949Z
2026,serie_b,5,15526031,uOspWc,Avaí x Ponte Preta,Avaí,Ponte Preta,344980425,Jean Lucas,38,,1,0,6,Jean Lucas,902684,M,goal,False,88.4,43.0,,,True,2026-06-02T14:46:54.079949Z
2026,serie_b,5,15526033,FOsHPi,CRB x Juventude,CRB,Juventude,344981309,Allanzinho,40,,0,1,1,Rodrigo Sam,794640,D,interception,False,63.4,79.5,,,False,2026-06-02T14:46:54.079949Z
2026,serie_b,5,15526033,FOsHPi,CRB x Juventude,CRB,Juventude,344981309,Allanzinho,40,,0,1,2,Luan Martins Gonçalves,2120751,M,pass,True,37.9,75.0,14.8,55.0,False,2026-06-02T14:46:54.079949Z
2026,serie_b,5,15526033,FOsHPi,CRB x Juventude,CRB,Juventude,344981309,Allanzinho,40,,0,1,3,Allanzinho,988782,M,goal,False,11.1,55.2,,,False,2026-06-02T14:46:54.079949Z
2026,serie_b,5,15526030,kOscJu,Goiás x Cuiabá,Goiás,Cuiabá,345190695,Hernandes,82,,0,2,1,Weverson,1106499,M,pass,True,59.0,16.8,34.8,37.8,False,2026-06-02T14:46:54.079949Z
2026,serie_b,5,15526030,kOscJu,Goiás x Cuiabá,Goiás,Cuiabá,345190695,Hernandes,82,,0,2,2,Hernandes,976884,F,ball-movement,False,34.8,37.8,,,False,2026-06-02T14:46:54.079949Z
2026,serie_b,5,15526030,kOscJu,Goiás x Cuiabá,Goiás,Cuiabá,345190695,Hernandes,82,,0,2,3,Hernandes,976884,F,goal,False,15.7,42.7,,,False,2026-06-02T14:46:54.079949Z
2026,serie_b,5,15526030,kOscJu,Goiás x Cuiabá,Goiás,Cuiabá,345190372,Hernandes,75,,0,1,1,João Basso,850955,D,interception,False,75.2,77.2,,,False,2026-06-02T14:46:54.079949Z
2026,serie_b,5,15526030,kOscJu,Goiás x Cuiabá,Goiás,Cuiabá,345190372,Hernandes,75,,0,1,2,João Basso,850955,D,pass,False,67.5,75.4,35.0,92.0,False,2026-06-02T14:46:54.079949Z
2026,serie_b,5,15526030,kOscJu,Goiás x Cuiabá,Goiás,Cuiabá,345190372,Hernandes,75,,0,1,3,Eliel,1391413,F,ball-movement,False,35.0,92.0,7.7,51.1,False,2026-06-02T14:46:54.079949Z
2026,serie_b,5,15526030,kOscJu,Goiás x Cuiabá,Goiás,Cuiabá,345190372,Hernandes,75,,0,1,4,Eliel,1391413,F,cross,True,13.7,82.4,7.7,51.1,False,2026-06-02T14:46:54.079949Z
2026,serie_b,5,15526030,kOscJu,Goiás x Cuiabá,Goiás,Cuiabá,345190372,Hernandes,75,,0,1,5,Hernandes,976884,F,goal,False,7.7,51.1,,,False,2026-06-02T14:46:54.079949Z
2026,serie_b,5,15526029,JOsvP,Fortaleza x Criciúma,Fortaleza,Criciúma,345195989,Bruno Alves,77,,3,2,1,Lucas Gazal,1103705,D,pass,False,54.6,82.9,53.7,53.5,True,2026-06-02T14:46:54.079949Z
2026,serie_b,5,15526029,JOsvP,Fortaleza x Criciúma,Fortaleza,Criciúma,345195989,Bruno Alves,77,,3,2,2,Lucas Sasha,123225,M,pass,False,55.4,42.5,62.7,13.3,True,2026-06-02T14:46:54.079949Z
2026,serie_b,5,15526029,JOsvP,Fortaleza x Criciúma,Fortaleza,Criciúma,345195989,Bruno Alves,77,,3,2,3,Maílton,973857,D,pass,False,60.1,15.9,53.1,19.9,True,2026-06-02T14:46:54.079949Z
2026,serie_b,5,15526029,JOsvP,Fortaleza x Criciúma,Fortaleza,Criciúma,345195989,Bruno Alves,77,,3,2,4,Emanuel Brítez,789395,D,pass,False,53.1,19.9,66.2,9.6,True,2026-06-02T14:46:54.079949Z
2026,serie_b,5,15526029,JOsvP,Fortaleza x Criciúma,Fortaleza,Criciúma,345195989,Bruno Alves,77,,3,2,5,Lucas Sasha,123225,M,cross,False,72.5,8.8,90.8,46.8,True,2026-06-02T14:46:54.079949Z
2026,serie_b,5,15526029,JOsvP,Fortaleza x Criciúma,Fortaleza,Criciúma,345195989,Bruno Alves,77,,3,2,6,Bruno Alves,551810,D,goal,False,93.4,43.0,,,False,2026-06-02T14:46:54.079949Z
2026,serie_b,5,15526029,JOsvP,Fortaleza x Criciúma,Fortaleza,Criciúma,345194591,Bruno Alves,50,,2,2,1,Romarinho,870578,M,pass,True,3.4,72.7,7.7,54.4,False,2026-06-02T14:46:54.079949Z
2026,serie_b,5,15526029,JOsvP,Fortaleza x Criciúma,Fortaleza,Criciúma,345194591,Bruno Alves,50,,2,2,2,Bruno Alves,551810,D,goal,False,7.7,54.4,,,False,2026-06-02T14:46:54.079949Z
2026,serie_b,5,15526029,JOsvP,Fortaleza x Criciúma,Fortaleza,Criciúma,345192909,Ruan Rodrigues Carvalho,29,,2,1,1,Ryan Gustavo,1170779,M,cross,False,90.5,17.8,93.6,44.8,True,2026-06-02T14:46:54.079949Z
2026,serie_b,5,15526029,JOsvP,Fortaleza x Criciúma,Fortaleza,Criciúma,345192909,Ruan Rodrigues Carvalho,29,,2,1,2,Ruan Rodrigues Carvalho,1927514,D,goal,False,94.5,46.8,,,False,2026-06-02T14:46:54.079949Z
2026,serie_b,5,15526029,JOsvP,Fortaleza x Criciúma,Fortaleza,Criciúma,345192241,Fellipe Mateus,13,,1,1,1,Luciano Castan,845110,D,pass,False,53.3,27.6,61.0,56.6,False,2026-06-02T14:46:54.079949Z
2026,serie_b,5,15526029,JOsvP,Fortaleza x Criciúma,Fortaleza,Criciúma,345192241,Fellipe Mateus,13,,1,1,2,Bruno Alves,551810,D,pass,False,62.5,56.4,60.0,88.2,False,2026-06-02T14:46:54.079949Z
2026,serie_b,5,15526029,JOsvP,Fortaleza x Criciúma,Fortaleza,Criciúma,345192241,Fellipe Mateus,13,,1,1,3,Ruan Rodrigues Carvalho,1927514,D,pass,False,59.2,88.6,34.6,88.2,False,2026-06-02T14:46:54.079949Z
2026,serie_b,5,15526029,JOsvP,Fortaleza x Criciúma,Fortaleza,Criciúma,345192241,Fellipe Mateus,13,,1,1,4,Romarinho,870578,M,pass,False,34.0,76.0,11.9,85.9,False,2026-06-02T14:46:54.079949Z
2026,serie_b,5,15526029,JOsvP,Fortaleza x Criciúma,Fortaleza,Criciúma,345192241,Fellipe Mateus,13,,1,1,5,Nicolas,866564,F,cross,True,9.0,85.3,6.2,49.2,False,2026-06-02T14:46:54.079949Z
2026,serie_b,5,15526029,JOsvP,Fortaleza x Criciúma,Fortaleza,Criciúma,345192241,Fellipe Mateus,13,,1,1,6,Fellipe Mateus,865321,M,goal,False,6.2,49.2,,,False,2026-06-02T14:46:54.079949Z
2026,serie_b,5,15526029,JOsvP,Fortaleza x Criciúma,Fortaleza,Criciúma,345191985,Luiz Fernando,8,,1,0,1,Luiz Fernando,874143,F,goal,False,71.9,68.1,,,True,2026-06-02T14:46:54.079949Z
2026,serie_b,5,15526026,okebsAfMc,Grêmio Novorizontino x Athletic Club,Grêmio Novorizontino,Athletic Club,345195520,Robson,64,,2,1,1,Sander,795014,D,pass,False,67.6,84.4,67.2,74.6,True,2026-06-02T14:46:54.079949Z
2026,serie_b,5,15526026,okebsAfMc,Grêmio Novorizontino x Athletic Club,Grêmio Novorizontino,Athletic Club,345195520,Robson,64,,2,1,2,Juninho,1016874,M,pass,False,68.8,71.7,70.6,22.0,True,2026-06-02T14:46:54.079949Z
2026,serie_b,5,15526026,okebsAfMc,Grêmio Novorizontino x Athletic Club,Grêmio Novorizontino,Athletic Club,345195520,Robson,64,,2,1,3,Tavinho,1836636,M,pass,False,70.6,22.4,85.5,10.5,True,2026-06-02T14:46:54.079949Z
2026,serie_b,5,15526026,okebsAfMc,Grêmio Novorizontino x Athletic Club,Grêmio Novorizontino,Athletic Club,345195520,Robson,64,,2,1,4,Rômulo,1105078,M,cross,True,85.3,11.3,94.6,51.6,True,2026-06-02T14:46:54.079949Z
2026,serie_b,5,15526026,okebsAfMc,Grêmio Novorizontino x Athletic Club,Grêmio Novorizontino,Athletic Club,345195520,Robson,64,,2,1,5,Robson,850987,F,goal,False,94.6,51.6,,,True,2026-06-02T14:46:54.079949Z
2026,serie_b,5,15526026,okebsAfMc,Grêmio Novorizontino x Athletic Club,Grêmio Novorizontino,Athletic Club,345192653,Lucas Belezi,21,,1,1,1,Zeca,555454,D,cross,False,0.5,99.5,5.5,59.5,False,2026-06-02T14:46:54.079949Z
2026,serie_b,5,15526026,okebsAfMc,Grêmio Novorizontino x Athletic Club,Grêmio Novorizontino,Athletic Club,345192653,Lucas Belezi,21,,1,1,2,Ian Luccas,1046496,M,save,False,5.5,59.5,,,False,2026-06-02T14:46:54.079949Z
2026,serie_b,5,15526026,okebsAfMc,Grêmio Novorizontino x Athletic Club,Grêmio Novorizontino,Athletic Club,345192653,Lucas Belezi,21,,1,1,3,Lucas Belezi,1130040,D,goal,False,2.7,51.0,,,False,2026-06-02T14:46:54.079949Z
2026,serie_b,5,15526026,okebsAfMc,Grêmio Novorizontino x Athletic Club,Grêmio Novorizontino,Athletic Club,345192075,Tavinho,9,,1,0,1,Robson,850987,F,ball-touch,True,90.2,48.4,,,True,2026-06-02T14:46:54.079949Z
2026,serie_b,5,15526026,okebsAfMc,Grêmio Novorizontino x Athletic Club,Grêmio Novorizontino,Athletic Club,345192075,Tavinho,9,,1,0,2,Tavinho,1836636,M,goal,False,84.5,37.3,,,True,2026-06-02T14:46:54.079949Z
2026,serie_b,5,15526025,EOsoWc,Botafogo-SP x Atlético Goianiense,Botafogo-SP,Atlético Goianiense,345177045,Gustavo Coutinho,23,,1,1,1,Gustavo Coutinho,981595,F,goal,False,11.5,50.0,,,False,2026-06-02T14:46:54.079949Z
2026,serie_b,5,15526025,EOsoWc,Botafogo-SP x Atlético Goianiense,Botafogo-SP,Atlético Goianiense,345175011,Everton Morelli,4,,1,0,1,Everton Morelli,928137,M,goal,False,91.2,54.2,,,True,2026-06-02T14:46:54.079949Z
2026,serie_b,6,15526044,EOscJu,Cuiabá x Botafogo-SP,Cuiabá,Botafogo-SP,345412411,Luizão,78,,1,1,1,Luizão,1126962,F,goal,False,11.5,50.0,,,False,2026-06-02T14:46:54.079949Z
2026,serie_b,6,15526044,EOscJu,Cuiabá x Botafogo-SP,Cuiabá,Botafogo-SP,345412103,Eric,64,,1,0,1,Hernandes,976884,F,cross,True,99.7,99.5,88.7,43.8,True,2026-06-02T14:46:54.079949Z
2026,serie_b,6,15526044,EOscJu,Cuiabá x Botafogo-SP,Cuiabá,Botafogo-SP,345412103,Eric,64,,1,0,2,Eric,1640518,D,goal,False,88.7,43.8,,,True,2026-06-02T14:46:54.079949Z
2026,serie_b,6,15526035,uOsyO,Ponte Preta x América Mineiro,Ponte Preta,América Mineiro,345750031,William Pottker,44,,1,0,1,Murilo,2035942,M,pass,False,36.8,57.9,54.5,57.4,True,2026-06-02T14:46:54.079949Z
2026,serie_b,6,15526035,uOsyO,Ponte Preta x América Mineiro,Ponte Preta,América Mineiro,345750031,William Pottker,44,,1,0,2,William Pottker,243501,F,pass,False,62.0,58.9,85.9,71.7,True,2026-06-02T14:46:54.079949Z
2026,serie_b,6,15526035,uOsyO,Ponte Preta x América Mineiro,Ponte Preta,América Mineiro,345750031,William Pottker,44,,1,0,3,Luis Phelipe,974310,M,pass,True,94.7,70.9,92.3,43.2,True,2026-06-02T14:46:54.079949Z
2026,serie_b,6,15526035,uOsyO,Ponte Preta x América Mineiro,Ponte Preta,América Mineiro,345750031,William Pottker,44,,1,0,4,William Pottker,243501,F,goal,False,93.0,45.0,,,True,2026-06-02T14:46:54.079949Z
2026,serie_b,6,15526045,FOsxP,Juventude x Londrina,Juventude,Londrina,346093060,Marcos Paulo,45,,1,0,1,Diogo Barbosa,243107,D,throw-in,False,57.2,100.0,56.7,76.7,True,2026-06-02T14:46:54.079949Z
2026,serie_b,6,15526045,FOsxP,Juventude x Londrina,Juventude,Londrina,346093060,Marcos Paulo,45,,1,0,2,Marcos Paulo,1170913,D,ball-movement,False,56.7,76.7,60.3,45.8,True,2026-06-02T14:46:54.079949Z
2026,serie_b,6,15526045,FOsxP,Juventude x Londrina,Juventude,Londrina,346093060,Marcos Paulo,45,,1,0,3,Marcos Paulo,1170913,D,pass,False,64.9,58.8,60.3,45.8,True,2026-06-02T14:46:54.079949Z
2026,serie_b,6,15526045,FOsxP,Juventude x Londrina,Juventude,Londrina,346093060,Marcos Paulo,45,,1,0,4,Raí,1175321,M,pass,False,61.7,54.2,77.8,91.8,True,2026-06-02T14:46:54.079949Z
2026,serie_b,6,15526045,FOsxP,Juventude x Londrina,Juventude,Londrina,346093060,Marcos Paulo,45,,1,0,5,Diogo Barbosa,243107,D,pass,False,75.5,80.5,85.0,48.7,True,2026-06-02T14:46:54.079949Z
2026,serie_b,6,15526045,FOsxP,Juventude x Londrina,Juventude,Londrina,346093060,Marcos Paulo,45,,1,0,6,Alan Kardec,39656,F,pass,True,85.0,49.5,88.6,56.2,True,2026-06-02T14:46:54.079949Z
2026,serie_b,6,15526045,FOsxP,Juventude x Londrina,Juventude,Londrina,346093060,Marcos Paulo,45,,1,0,7,Marcos Paulo,962027,F,goal,False,89.8,54.8,,,True,2026-06-02T14:46:54.079949Z
2026,serie_b,6,15526037,kOseau,São Bernardo x Goiás,São Bernardo,Goiás,346359324,Felipe Garcia,90,3.0,1,0,1,Hyoran,551348,M,cross,False,99.4,0.7,93.2,47.2,True,2026-06-02T14:46:54.079949Z
2026,serie_b,6,15526037,kOseau,São Bernardo x Goiás,São Bernardo,Goiás,346359324,Felipe Garcia,90,3.0,1,0,2,Rodrigo Ferreira,1048150,D,pass,False,93.2,47.2,93.8,47.5,True,2026-06-02T14:46:54.079949Z
2026,serie_b,6,15526037,kOseau,São Bernardo x Goiás,São Bernardo,Goiás,346359324,Felipe Garcia,90,3.0,1,0,3,Felipe Garcia,57869,F,post,False,93.8,47.5,,,True,2026-06-02T14:46:54.079949Z
2026,serie_b,6,15526037,kOseau,São Bernardo x Goiás,São Bernardo,Goiás,346359324,Felipe Garcia,90,3.0,1,0,4,Felipe Garcia,57869,F,goal,False,95.9,50.4,,,True,2026-06-02T14:46:54.079949Z
2026,serie_b,6,15526040,bPswP,Ceará x Vila Nova FC,Ceará,Vila Nova FC,346288833,Rafael Silva,67,,3,3,1,Rafael Silva,243963,F,goal,False,4.3,54.7,,,False,2026-06-02T14:46:54.079949Z
2026,serie_b,6,15526040,bPswP,Ceará x Vila Nova FC,Ceará,Vila Nova FC,346288611,João Vieira,63,,3,2,1,João Vieira,1046490,M,goal,False,11.5,50.0,,,False,2026-06-02T14:46:54.079949Z
2026,serie_b,6,15526040,bPswP,Ceará x Vila Nova FC,Ceará,Vila Nova FC,346286052,Matheus Araújo,45,3.0,3,1,1,Matheus Araújo,1002617,M,goal,False,88.0,58.5,,,True,2026-06-02T14:46:54.079949Z
2026,serie_b,6,15526040,bPswP,Ceará x Vila Nova FC,Ceará,Vila Nova FC,346284672,Matheus Araújo,44,,2,1,1,Melk,2440251,M,pass,True,68.2,45.1,78.7,78.7,True,2026-06-02T14:46:54.079949Z
2026,serie_b,6,15526040,bPswP,Ceará x Vila Nova FC,Ceará,Vila Nova FC,346284672,Matheus Araújo,44,,2,1,2,Matheus Araújo,1002617,M,goal,False,81.8,70.2,,,True,2026-06-02T14:46:54.079949Z
2026,serie_b,6,15526040,bPswP,Ceará x Vila Nova FC,Ceará,Vila Nova FC,346272510,Lucas Lima,15,,1,1,1,Lucas Lima,1048254,M,goal,False,95.8,43.4,,,True,2026-06-02T14:46:54.079949Z
2026,serie_b,6,15526040,bPswP,Ceará x Vila Nova FC,Ceará,Vila Nova FC,346271875,Rafael Silva,13,,0,1,1,João Vieira,1046490,M,pass,False,0.5,0.5,21.8,10.5,False,2026-06-02T14:46:54.079949Z
2026,serie_b,6,15526040,bPswP,Ceará x Vila Nova FC,Ceará,Vila Nova FC,346271875,Rafael Silva,13,,0,1,2,Janderson,870898,M,cross,True,22.0,10.9,4.8,47.2,False,2026-06-02T14:46:54.079949Z
2026,serie_b,6,15526040,bPswP,Ceará x Vila Nova FC,Ceará,Vila Nova FC,346271875,Rafael Silva,13,,0,1,3,Rafael Silva,243963,F,goal,False,4.8,47.2,,,False,2026-06-02T14:46:54.079949Z
2026,serie_b,6,15526041,oWcspWc,Atlético Goianiense x Avaí,Atlético Goianiense,Avaí,346298328,Guilherme Marques,74,,2,1,1,Guilherme Marques,109610,M,goal,False,79.2,54.0,,,True,2026-06-02T14:46:54.079949Z
2026,serie_b,6,15526041,oWcspWc,Atlético Goianiense x Avaí,Atlético Goianiense,Avaí,346297973,Walace dos Santos França,69,,1,1,1,Zé Ricardo,840132,M,pass,False,66.6,71.7,51.6,93.8,False,2026-06-02T14:46:54.079949Z
2026,serie_b,6,15526041,oWcspWc,Atlético Goianiense x Avaí,Atlético Goianiense,Avaí,346297973,Walace dos Santos França,69,,1,1,2,Thayllon Roberth,1633708,M,pass,False,51.6,93.8,38.6,82.9,False,2026-06-02T14:46:54.079949Z
2026,serie_b,6,15526041,oWcspWc,Atlético Goianiense x Avaí,Atlético Goianiense,Avaí,346297973,Walace dos Santos França,69,,1,1,3,Daniel Penha,862256,M,pass,False,36.9,83.2,51.0,67.3,False,2026-06-02T14:46:54.079949Z
2026,serie_b,6,15526041,oWcspWc,Atlético Goianiense x Avaí,Atlético Goianiense,Avaí,346297973,Walace dos Santos França,69,,1,1,4,Thayllon Roberth,1633708,M,pass,False,51.1,67.3,26.9,62.1,False,2026-06-02T14:46:54.079949Z
2026,serie_b,6,15526041,oWcspWc,Atlético Goianiense x Avaí,Atlético Goianiense,Avaí,346297973,Walace dos Santos França,69,,1,1,5,Jean Lucas,902684,M,pass,True,22.3,64.0,11.3,65.2,False,2026-06-02T14:46:54.079949Z
2026,serie_b,6,15526041,oWcspWc,Atlético Goianiense x Avaí,Atlético Goianiense,Avaí,346297973,Walace dos Santos França,69,,1,1,6,Walace dos Santos França,2436887,F,goal,False,11.3,65.2,,,False,2026-06-02T14:46:54.079949Z
2026,serie_b,6,15526041,oWcspWc,Atlético Goianiense x Avaí,Atlético Goianiense,Avaí,346293633,Gustavo Coutinho,22,,1,0,1,Gustavo Coutinho,981595,F,goal,False,88.5,50.0,,,True,2026-06-02T14:46:54.079949Z
2026,serie_b,6,15526042,JOsHPi,Criciúma x CRB,Criciúma,CRB,346298389,Waguininho,75,,3,1,1,Marcinho,840148,M,clearance,False,6.3,12.8,18.4,13.5,True,2026-06-02T14:46:54.079949Z
2026,serie_b,6,15526042,JOsHPi,Criciúma x CRB,Criciúma,CRB,346298389,Waguininho,75,,3,1,2,Jhonata Robert,998494,F,ball-movement,False,18.4,13.5,53.6,91.0,True,2026-06-02T14:46:54.079949Z
2026,serie_b,6,15526042,JOsHPi,Criciúma x CRB,Criciúma,CRB,346298389,Waguininho,75,,3,1,3,Jhonata Robert,998494,F,pass,False,36.5,23.6,53.6,91.0,True,2026-06-02T14:46:54.079949Z
2026,serie_b,6,15526042,JOsHPi,Criciúma x CRB,Criciúma,CRB,346298389,Waguininho,75,,3,1,4,Hiago Alves,1914330,M,ball-movement,False,53.6,91.0,81.5,74.7,True,2026-06-02T14:46:54.079949Z
2026,serie_b,6,15526042,JOsHPi,Criciúma x CRB,Criciúma,CRB,346298389,Waguininho,75,,3,1,5,Hiago Alves,1914330,M,pass,False,79.3,77.3,81.5,74.7,True,2026-06-02T14:46:54.079949Z
2026,serie_b,6,15526042,JOsHPi,Criciúma x CRB,Criciúma,CRB,346298389,Waguininho,75,,3,1,6,Jean Irmer,848630,M,ball-movement,False,81.5,74.7,,,True,2026-06-02T14:46:54.079949Z
2026,serie_b,6,15526042,JOsHPi,Criciúma x CRB,Criciúma,CRB,346298389,Waguininho,75,,3,1,7,Jean Irmer,848630,M,save,False,95.8,69.2,,,True,2026-06-02T14:46:54.079949Z
2026,serie_b,6,15526042,JOsHPi,Criciúma x CRB,Criciúma,CRB,346298389,Waguininho,75,,3,1,8,Waguininho,924251,F,goal,False,98.0,57.7,,,True,2026-06-02T14:46:54.079949Z
2026,serie_b,6,15526042,JOsHPi,Criciúma x CRB,Criciúma,CRB,346296864,Mikael,49,,2,1,1,Patrick De Lucca,979868,M,pass,False,70.9,32.8,77.7,67.0,False,2026-06-02T14:46:54.079949Z
2026,serie_b,6,15526042,JOsHPi,Criciúma x CRB,Criciúma,CRB,346296864,Mikael,49,,2,1,2,Henri Santos,1002459,D,pass,False,69.4,65.5,67.8,40.0,False,2026-06-02T14:46:54.079949Z
2026,serie_b,6,15526042,JOsHPi,Criciúma x CRB,Criciúma,CRB,346296864,Mikael,49,,2,1,3,Bressan,312114,D,pass,False,57.2,38.5,57.1,7.0,False,2026-06-02T14:46:54.079949Z
2026,serie_b,6,15526042,JOsHPi,Criciúma x CRB,Criciúma,CRB,346296864,Mikael,49,,2,1,4,Wallace,1843731,D,pass,False,57.9,8.1,54.6,35.1,False,2026-06-02T14:46:54.079949Z
2026,serie_b,6,15526042,JOsHPi,Criciúma x CRB,Criciúma,CRB,346296864,Mikael,49,,2,1,5,Patrick De Lucca,979868,M,pass,True,54.6,35.1,24.8,24.7,False,2026-06-02T14:46:54.079949Z
2026,serie_b,6,15526042,JOsHPi,Criciúma x CRB,Criciúma,CRB,346296864,Mikael,49,,2,1,6,Mikael,994017,F,goal,False,15.0,38.7,,,False,2026-06-02T14:46:54.079949Z
2026,serie_b,6,15526042,JOsHPi,Criciúma x CRB,Criciúma,CRB,346294739,Nicolas,37,,2,0,1,Thiaguinho,2207925,M,pass,False,24.0,56.4,28.3,35.9,True,2026-06-02T14:46:54.079949Z
2026,serie_b,6,15526042,JOsHPi,Criciúma x CRB,Criciúma,CRB,346294739,Nicolas,37,,2,0,2,Romarinho,870578,M,ball-movement,False,28.3,35.9,58.9,11.6,True,2026-06-02T14:46:54.079949Z
2026,serie_b,6,15526042,JOsHPi,Criciúma x CRB,Criciúma,CRB,346294739,Nicolas,37,,2,0,3,Romarinho,870578,M,pass,False,44.8,33.5,58.9,11.6,True,2026-06-02T14:46:54.079949Z
2026,serie_b,6,15526042,JOsHPi,Criciúma x CRB,Criciúma,CRB,346294739,Nicolas,37,,2,0,4,Ruan Rodrigues Carvalho,1927514,D,ball-movement,False,58.9,11.6,85.9,44.1,True,2026-06-02T14:46:54.079949Z
2026,serie_b,6,15526042,JOsHPi,Criciúma x CRB,Criciúma,CRB,346294739,Nicolas,37,,2,0,5,Ruan Rodrigues Carvalho,1927514,D,pass,True,92.2,14.2,85.9,44.1,True,2026-06-02T14:46:54.079949Z
2026,serie_b,6,15526042,JOsHPi,Criciúma x CRB,Criciúma,CRB,346294739,Nicolas,37,,2,0,6,Nicolas,866564,F,goal,False,88.4,44.6,,,True,2026-06-02T14:46:54.079949Z
2026,serie_b,6,15526042,JOsHPi,Criciúma x CRB,Criciúma,CRB,346292949,Bruno Alves,9,,1,0,1,Fellipe Mateus,865321,M,cross,False,99.5,0.5,94.7,37.1,True,2026-06-02T14:46:54.079949Z
2026,serie_b,6,15526042,JOsHPi,Criciúma x CRB,Criciúma,CRB,346292949,Bruno Alves,9,,1,0,2,Romarinho,870578,M,pass,True,95.6,38.5,97.8,56.3,True,2026-06-02T14:46:54.079949Z
2026,serie_b,6,15526042,JOsHPi,Criciúma x CRB,Criciúma,CRB,346292949,Bruno Alves,9,,1,0,3,Bruno Alves,551810,D,goal,False,97.9,55.8,,,True,2026-06-02T14:46:54.079949Z
2026,serie_b,6,16023898,lPsAfMc,Athletic Club x Náutico,Athletic Club,Náutico,346395005,Victor Andrade,81,,0,1,1,Matheus Ribeiro,794878,D,pass,False,61.5,78.2,54.4,43.0,False,2026-06-02T14:46:54.079949Z
2026,serie_b,6,16023898,lPsAfMc,Athletic Club x Náutico,Athletic Club,Náutico,346395005,Victor Andrade,81,,0,1,2,Wenderson,958676,M,pass,False,44.7,36.4,32.9,7.4,False,2026-06-02T14:46:54.079949Z
2026,serie_b,6,16023898,lPsAfMc,Athletic Club x Náutico,Athletic Club,Náutico,346395005,Victor Andrade,81,,0,1,3,Yuri,857733,D,pass,True,26.0,3.9,32.9,19.2,False,2026-06-02T14:46:54.079949Z
2026,serie_b,6,16023898,lPsAfMc,Athletic Club x Náutico,Athletic Club,Náutico,346395005,Victor Andrade,81,,0,1,4,Victor Andrade,243189,M,goal,False,28.5,36.6,,,False,2026-06-02T14:46:54.079949Z
2026,serie_b,7,15526047,EOslP,Botafogo-SP x Náutico,Botafogo-SP,Náutico,346987385,Victor Andrade,58,,1,1,1,Victor Andrade,243189,M,goal,False,5.0,45.5,,,False,2026-06-02T14:46:54.079949Z
2026,serie_b,7,15526047,EOslP,Botafogo-SP x Náutico,Botafogo-SP,Náutico,346982868,Everton Morelli,42,,1,0,1,Patrick Brey,871192,D,cross,True,99.5,99.5,94.9,59.9,True,2026-06-02T14:46:54.079949Z
2026,serie_b,7,15526047,EOslP,Botafogo-SP x Náutico,Botafogo-SP,Náutico,346982868,Everton Morelli,42,,1,0,2,Everton Morelli,928137,M,goal,False,94.9,59.9,,,True,2026-06-02T14:46:54.079949Z
2026,serie_b,7,15526073,JOscJu,Cuiabá x Criciúma,Cuiabá,Criciúma,347001401,Cauê,90,2.0,1,1,1,Cauê,831516,F,goal,False,4.5,53.2,,,False,2026-06-02T14:46:54.079949Z
2026,serie_b,7,15526073,JOscJu,Cuiabá x Criciúma,Cuiabá,Criciúma,346994398,João Basso,21,,1,0,1,Pepê,946945,M,cross,True,99.7,99.1,97.8,54.1,True,2026-06-02T14:46:54.079949Z
2026,serie_b,7,15526073,JOscJu,Cuiabá x Criciúma,Cuiabá,Criciúma,346994398,João Basso,21,,1,0,2,João Basso,850955,D,goal,False,97.8,54.1,,,True,2026-06-02T14:46:54.079949Z
2026,serie_b,7,15526051,kOsvP,Fortaleza x Goiás,Fortaleza,Goiás,347009135,Juan Miritello,90,1.0,4,1,1,Maílton,973857,D,cross,True,99.5,0.5,91.7,47.9,True,2026-06-02T14:46:54.079949Z
2026,serie_b,7,15526051,kOsvP,Fortaleza x Goiás,Fortaleza,Goiás,347009135,Juan Miritello,90,1.0,4,1,2,Juan Miritello,1003721,F,goal,False,91.7,47.9,,,True,2026-06-02T14:46:54.079949Z
2026,serie_b,7,15526051,kOsvP,Fortaleza x Goiás,Fortaleza,Goiás,347008312,Juan Miritello,78,,3,1,1,Maílton,973857,D,ball-touch,False,40.9,26.5,,,True,2026-06-02T14:46:54.079949Z
2026,serie_b,7,15526051,kOsvP,Fortaleza x Goiás,Fortaleza,Goiás,347008312,Juan Miritello,78,,3,1,2,Emanuel Brítez,789395,D,tackle,False,66.5,34.8,,,True,2026-06-02T14:46:54.079949Z
2026,serie_b,7,15526051,kOsvP,Fortaleza x Goiás,Fortaleza,Goiás,347008312,Juan Miritello,78,,3,1,3,Juan Miritello,1003721,F,goal,False,81.8,55.0,,,True,2026-06-02T14:46:54.079949Z
2026,serie_b,7,15526051,kOsvP,Fortaleza x Goiás,Fortaleza,Goiás,347007413,Vitinho,61,,2,1,1,Pierre,1017710,M,pass,False,62.7,40.0,58.6,16.6,True,2026-06-02T14:46:54.079949Z
2026,serie_b,7,15526051,kOsvP,Fortaleza x Goiás,Fortaleza,Goiás,347007413,Vitinho,61,,2,1,2,Maílton,973857,D,pass,False,59.6,14.8,66.1,30.1,True,2026-06-02T14:46:54.079949Z
2026,serie_b,7,15526051,kOsvP,Fortaleza x Goiás,Fortaleza,Goiás,347007413,Vitinho,61,,2,1,3,Pierre,1017710,M,pass,True,66.4,32.1,71.7,47.7,True,2026-06-02T14:46:54.079949Z
2026,serie_b,7,15526051,kOsvP,Fortaleza x Goiás,Fortaleza,Goiás,347007413,Vitinho,61,,2,1,4,Vitinho,1066721,F,goal,False,76.8,54.6,,,True,2026-06-02T14:46:54.079949Z
2026,serie_b,7,15526051,kOsvP,Fortaleza x Goiás,Fortaleza,Goiás,347007167,Vitinho,54,,1,1,1,Maurício Júnior,1118234,D,pass,False,67.0,90.3,71.2,90.4,True,2026-06-02T14:46:54.079949Z
2026,serie_b,7,15526051,kOsvP,Fortaleza x Goiás,Fortaleza,Goiás,347007167,Vitinho,54,,1,1,2,Tomás Pochettino,824626,M,pass,False,72.4,90.0,90.8,69.6,True,2026-06-02T14:46:54.079949Z
2026,serie_b,7,15526051,kOsvP,Fortaleza x Goiás,Fortaleza,Goiás,347007167,Vitinho,54,,1,1,3,Maurício Júnior,1118234,D,pass,True,90.9,69.4,88.0,53.2,True,2026-06-02T14:46:54.079949Z
2026,serie_b,7,15526051,kOsvP,Fortaleza x Goiás,Fortaleza,Goiás,347007167,Vitinho,54,,1,1,4,Vitinho,1066721,F,goal,False,84.3,51.2,,,True,2026-06-02T14:46:54.079949Z
2026,serie_b,7,15526051,kOsvP,Fortaleza x Goiás,Fortaleza,Goiás,347003387,Gegê,24,,0,1,1,Gegê,335807,M,goal,False,21.2,59.2,,,False,2026-06-02T14:46:54.079949Z
2026,serie_b,7,15526050,xPsJRp,Operário-PR x Londrina,Operário-PR,Londrina,347117046,Gabriel Boschilia,60,,3,0,1,Moraes Júnior,877139,D,throw-in,False,56.7,100.0,57.2,74.0,True,2026-06-02T14:46:54.079949Z
2026,serie_b,7,15526050,xPsJRp,Operário-PR x Londrina,Operário-PR,Londrina,347117046,Gabriel Boschilia,60,,3,0,2,Gabriel Boschilia,358540,M,pass,False,58.8,70.3,45.2,63.8,True,2026-06-02T14:46:54.079949Z
2026,serie_b,7,15526050,xPsJRp,Operário-PR x Londrina,Operário-PR,Londrina,347117046,Gabriel Boschilia,60,,3,0,3,José Cuenú,1098309,D,pass,False,45.6,53.4,61.5,7.9,True,2026-06-02T14:46:54.079949Z
2026,serie_b,7,15526050,xPsJRp,Operário-PR x Londrina,Operário-PR,Londrina,347117046,Gabriel Boschilia,60,,3,0,4,Mikael Doka,1067652,D,ball-movement,False,61.5,7.9,74.4,44.2,True,2026-06-02T14:46:54.079949Z
2026,serie_b,7,15526050,xPsJRp,Operário-PR x Londrina,Operário-PR,Londrina,347117046,Gabriel Boschilia,60,,3,0,5,Mikael Doka,1067652,D,pass,True,76.5,27.4,74.4,44.2,True,2026-06-02T14:46:54.079949Z
2026,serie_b,7,15526050,xPsJRp,Operário-PR x Londrina,Operário-PR,Londrina,347117046,Gabriel Boschilia,60,,3,0,6,Gabriel Boschilia,358540,M,goal,False,74.9,47.0,,,True,2026-06-02T14:46:54.079949Z
2026,serie_b,7,15526050,xPsJRp,Operário-PR x Londrina,Operário-PR,Londrina,347111994,Aylon,29,,2,0,1,Gabriel Boschilia,358540,M,pass,False,41.6,88.3,37.0,78.7,True,2026-06-02T14:46:54.079949Z
2026,serie_b,7,15526050,xPsJRp,Operário-PR x Londrina,Operário-PR,Londrina,347111994,Aylon,29,,2,0,2,Moraes Júnior,877139,D,pass,False,37.2,78.6,36.5,72.1,True,2026-06-02T14:46:54.079949Z
2026,serie_b,7,15526050,xPsJRp,Operário-PR x Londrina,Operário-PR,Londrina,347111994,Aylon,29,,2,0,3,Índio,981621,M,pass,False,36.7,71.6,44.8,65.9,True,2026-06-02T14:46:54.079949Z
2026,serie_b,7,15526050,xPsJRp,Operário-PR x Londrina,Operário-PR,Londrina,347111994,Aylon,29,,2,0,4,Vinícius Diniz,1148464,M,pass,False,44.8,65.9,46.0,92.5,True,2026-06-02T14:46:54.079949Z
2026,serie_b,7,15526050,xPsJRp,Operário-PR x Londrina,Operário-PR,Londrina,347111994,Aylon,29,,2,0,5,Gabriel Boschilia,358540,M,pass,False,55.0,94.7,84.9,74.2,True,2026-06-02T14:46:54.079949Z
2026,serie_b,7,15526050,xPsJRp,Operário-PR x Londrina,Operário-PR,Londrina,347111994,Aylon,29,,2,0,6,Aylon,364528,F,ball-movement,False,84.9,74.2,,,True,2026-06-02T14:46:54.079949Z
2026,serie_b,7,15526050,xPsJRp,Operário-PR x Londrina,Operário-PR,Londrina,347111994,Aylon,29,,2,0,7,Aylon,364528,F,goal,False,98.2,50.5,,,True,2026-06-02T14:46:54.079949Z
2026,serie_b,7,15526050,xPsJRp,Operário-PR x Londrina,Operário-PR,Londrina,347109115,Gabriel Boschilia,5,,1,0,1,Gabriel Boschilia,358540,M,goal,False,99.5,0.6,,,True,2026-06-02T14:46:54.079949Z
2026,serie_b,7,15526048,uOseau,São Bernardo x Ponte Preta,São Bernardo,Ponte Preta,347118952,Fabrício Daniel,79,,3,0,1,Fabrício Daniel,1128767,F,goal,False,88.5,50.0,,,True,2026-06-02T14:46:54.079949Z
2026,serie_b,7,15526048,uOseau,São Bernardo x Ponte Preta,São Bernardo,Ponte Preta,347116241,Pará,52,,2,0,1,Echaporã,981418,M,pass,False,72.9,88.5,67.1,84.9,True,2026-06-02T14:46:54.079949Z
2026,serie_b,7,15526048,uOseau,São Bernardo x Ponte Preta,São Bernardo,Ponte Preta,347116241,Pará,52,,2,0,2,Foguinho,888385,M,pass,False,67.1,84.9,65.7,68.7,True,2026-06-02T14:46:54.079949Z
2026,serie_b,7,15526048,uOseau,São Bernardo x Ponte Preta,São Bernardo,Ponte Preta,347116241,Pará,52,,2,0,3,Dudu Miraíma,1017251,M,pass,False,64.7,64.9,75.8,44.2,True,2026-06-02T14:46:54.079949Z
2026,serie_b,7,15526048,uOseau,São Bernardo x Ponte Preta,São Bernardo,Ponte Preta,347116241,Pará,52,,2,0,4,Romisson,911123,M,pass,False,75.8,44.2,90.1,13.2,True,2026-06-02T14:46:54.079949Z
2026,serie_b,7,15526048,uOseau,São Bernardo x Ponte Preta,São Bernardo,Ponte Preta,347116241,Pará,52,,2,0,5,Rodrigo Ferreira,1048150,D,cross,True,88.7,11.1,91.3,46.4,True,2026-06-02T14:46:54.079949Z
2026,serie_b,7,15526048,uOseau,São Bernardo x Ponte Preta,São Bernardo,Ponte Preta,347116241,Pará,52,,2,0,6,Pará,552188,D,goal,False,91.3,46.4,,,True,2026-06-02T14:46:54.079949Z
2026,serie_b,7,15526048,uOseau,São Bernardo x Ponte Preta,São Bernardo,Ponte Preta,347110205,Foguinho,13,,1,0,1,Rodrigo Ferreira,1048150,D,cross,False,99.5,0.5,75.8,86.1,True,2026-06-02T14:46:54.079949Z
2026,serie_b,7,15526048,uOseau,São Bernardo x Ponte Preta,São Bernardo,Ponte Preta,347110205,Foguinho,13,,1,0,2,Dudu Miraíma,1017251,M,pass,False,72.5,84.6,91.3,82.2,True,2026-06-02T14:46:54.079949Z
2026,serie_b,7,15526048,uOseau,São Bernardo x Ponte Preta,São Bernardo,Ponte Preta,347110205,Foguinho,13,,1,0,3,Pedro Vitor,976852,F,cross,True,92.6,83.8,95.2,58.1,True,2026-06-02T14:46:54.079949Z
2026,serie_b,7,15526048,uOseau,São Bernardo x Ponte Preta,São Bernardo,Ponte Preta,347110205,Foguinho,13,,1,0,4,Foguinho,888385,M,goal,False,95.2,58.1,,,True,2026-06-02T14:46:54.079949Z
2026,serie_b,7,15526049,yOsHPi,América Mineiro x CRB,América Mineiro,CRB,347137740,Guilherme Pato,84,,1,2,1,Wallace,1843731,D,pass,False,72.2,26.6,56.5,11.5,False,2026-06-02T14:46:54.079949Z
2026,serie_b,7,15526049,yOsHPi,América Mineiro x CRB,América Mineiro,CRB,347137740,Guilherme Pato,84,,1,2,2,Guilherme Estrella,1634144,M,ball-movement,False,56.5,11.5,18.3,5.7,False,2026-06-02T14:46:54.079949Z
2026,serie_b,7,15526049,yOsHPi,América Mineiro x CRB,América Mineiro,CRB,347137740,Guilherme Pato,84,,1,2,3,Guilherme Estrella,1634144,M,pass,True,34.1,19.8,18.3,5.7,False,2026-06-02T14:46:54.079949Z
2026,serie_b,7,15526049,yOsHPi,América Mineiro x CRB,América Mineiro,CRB,347137740,Guilherme Pato,84,,1,2,4,Guilherme Pato,1018095,M,goal,False,20.9,11.0,,,False,2026-06-02T14:46:54.079949Z
2026,serie_b,7,15526049,yOsHPi,América Mineiro x CRB,América Mineiro,CRB,347133954,Dadá Belmonte,41,,1,1,1,Henri Santos,1002459,D,pass,False,41.6,90.5,36.2,76.1,False,2026-06-02T14:46:54.079949Z
2026,serie_b,7,15526049,yOsHPi,América Mineiro x CRB,América Mineiro,CRB,347133954,Dadá Belmonte,41,,1,1,2,Patrick De Lucca,979868,M,pass,False,36.2,76.1,22.6,67.5,False,2026-06-02T14:46:54.079949Z
2026,serie_b,7,15526049,yOsHPi,América Mineiro x CRB,América Mineiro,CRB,347133954,Dadá Belmonte,41,,1,1,3,Danielzinho,840218,M,pass,False,22.1,66.4,21.2,65.6,False,2026-06-02T14:46:54.079949Z
2026,serie_b,7,15526049,yOsHPi,América Mineiro x CRB,América Mineiro,CRB,347133954,Dadá Belmonte,41,,1,1,4,Danielzinho,840218,M,ball-touch,False,22.9,67.4,,,False,2026-06-02T14:46:54.079949Z
2026,serie_b,7,15526049,yOsHPi,América Mineiro x CRB,América Mineiro,CRB,347133954,Dadá Belmonte,41,,1,1,5,Pedro Castro,243185,M,post,False,13.3,60.3,,,False,2026-06-02T14:46:54.079949Z
2026,serie_b,7,15526049,yOsHPi,América Mineiro x CRB,América Mineiro,CRB,347133954,Dadá Belmonte,41,,1,1,6,Dadá Belmonte,926786,F,goal,False,14.5,48.9,,,False,2026-06-02T14:46:54.079949Z
2026,serie_b,7,15526049,yOsHPi,América Mineiro x CRB,América Mineiro,CRB,347132214,Emerson Santos,10,,1,0,1,Paulinho,1485496,D,cross,True,75.5,93.2,93.1,51.9,True,2026-06-02T14:46:54.079949Z
2026,serie_b,7,15526049,yOsHPi,América Mineiro x CRB,América Mineiro,CRB,347132214,Emerson Santos,10,,1,0,2,Emerson Santos,844015,D,goal,False,93.1,51.9,,,True,2026-06-02T14:46:54.079949Z
2026,serie_b,7,15526057,pWcsokeb,Avaí x Grêmio Novorizontino,Avaí,Grêmio Novorizontino,347283052,Paulo Vitor,90,15.0,3,3,1,Paulo Vitor,1488136,M,goal,False,87.7,46.8,,,True,2026-06-02T14:46:54.079949Z
2026,serie_b,7,15526057,pWcsokeb,Avaí x Grêmio Novorizontino,Avaí,Grêmio Novorizontino,347283055,Leo Naldi,90,12.0,2,3,1,Leo Naldi,1101061,M,goal,False,11.6,50.0,,,False,2026-06-02T14:46:54.079949Z
2026,serie_b,7,15526057,pWcsokeb,Avaí x Grêmio Novorizontino,Avaí,Grêmio Novorizontino,347283051,Rafael Bilú,90,1.0,2,2,1,Daniel Penha,862256,M,pass,False,80.5,26.1,93.8,29.7,True,2026-06-02T14:46:54.079949Z
2026,serie_b,7,15526057,pWcsokeb,Avaí x Grêmio Novorizontino,Avaí,Grêmio Novorizontino,347283051,Rafael Bilú,90,1.0,2,2,2,Wesley Gasolina,994479,D,pass,True,92.3,30.1,97.0,50.7,True,2026-06-02T14:46:54.079949Z
2026,serie_b,7,15526057,pWcsokeb,Avaí x Grêmio Novorizontino,Avaí,Grêmio Novorizontino,347283051,Rafael Bilú,90,1.0,2,2,3,Rafael Bilú,959005,F,goal,False,97.0,50.7,,,True,2026-06-02T14:46:54.079949Z
2026,serie_b,7,15526057,pWcsokeb,Avaí x Grêmio Novorizontino,Avaí,Grêmio Novorizontino,347283054,Rômulo,74,,1,2,1,César,870904,G,pass,False,79.3,62.5,67.5,55.6,False,2026-06-02T14:46:54.079949Z
2026,serie_b,7,15526057,pWcsokeb,Avaí x Grêmio Novorizontino,Avaí,Grêmio Novorizontino,347283054,Rômulo,74,,1,2,2,Carlinhos,1467119,D,pass,False,67.5,55.6,62.2,81.6,False,2026-06-02T14:46:54.079949Z
2026,serie_b,7,15526057,pWcsokeb,Avaí x Grêmio Novorizontino,Avaí,Grêmio Novorizontino,347283054,Rômulo,74,,1,2,3,Alemão,2440201,D,ball-movement,False,62.2,81.6,24.4,63.3,False,2026-06-02T14:46:54.079949Z
2026,serie_b,7,15526057,pWcsokeb,Avaí x Grêmio Novorizontino,Avaí,Grêmio Novorizontino,347283054,Rômulo,74,,1,2,4,Alemão,2440201,D,pass,False,40.8,75.4,24.4,63.3,False,2026-06-02T14:46:54.079949Z
2026,serie_b,7,15526057,pWcsokeb,Avaí x Grêmio Novorizontino,Avaí,Grêmio Novorizontino,347283054,Rômulo,74,,1,2,5,Juninho,1016874,M,ball-movement,False,24.4,63.3,3.6,48.3,False,2026-06-02T14:46:54.079949Z
2026,serie_b,7,15526057,pWcsokeb,Avaí x Grêmio Novorizontino,Avaí,Grêmio Novorizontino,347283054,Rômulo,74,,1,2,6,Juninho,1016874,M,pass,True,4.4,67.5,3.6,48.3,False,2026-06-02T14:46:54.079949Z
2026,serie_b,7,15526057,pWcsokeb,Avaí x Grêmio Novorizontino,Avaí,Grêmio Novorizontino,347283054,Rômulo,74,,1,2,7,Rômulo,1105078,M,goal,False,3.6,48.3,,,False,2026-06-02T14:46:54.079949Z
2026,serie_b,7,15526057,pWcsokeb,Avaí x Grêmio Novorizontino,Avaí,Grêmio Novorizontino,347283053,Robson,48,,1,1,1,César,870904,G,pass,False,96.1,42.6,91.9,68.0,False,2026-06-02T14:46:54.079949Z
2026,serie_b,7,15526057,pWcsokeb,Avaí x Grêmio Novorizontino,Avaí,Grêmio Novorizontino,347283053,Robson,48,,1,1,2,Carlinhos,1467119,D,ball-movement,False,91.9,68.0,67.7,95.2,False,2026-06-02T14:46:54.079949Z
2026,serie_b,7,15526057,pWcsokeb,Avaí x Grêmio Novorizontino,Avaí,Grêmio Novorizontino,347283053,Robson,48,,1,1,3,Carlinhos,1467119,D,pass,False,74.4,82.5,67.7,95.2,False,2026-06-02T14:46:54.079949Z
2026,serie_b,7,15526057,pWcsokeb,Avaí x Grêmio Novorizontino,Avaí,Grêmio Novorizontino,347283053,Robson,48,,1,1,4,Alemão,2440201,D,ball-movement,False,67.7,95.2,8.9,77.4,False,2026-06-02T14:46:54.079949Z
2026,serie_b,7,15526057,pWcsokeb,Avaí x Grêmio Novorizontino,Avaí,Grêmio Novorizontino,347283053,Robson,48,,1,1,5,Alemão,2440201,D,pass,False,47.4,86.9,8.9,77.4,False,2026-06-02T14:46:54.079949Z
2026,serie_b,7,15526057,pWcsokeb,Avaí x Grêmio Novorizontino,Avaí,Grêmio Novorizontino,347283053,Robson,48,,1,1,6,Rômulo,1105078,M,pass,True,7.8,76.5,11.1,54.2,False,2026-06-02T14:46:54.079949Z
2026,serie_b,7,15526057,pWcsokeb,Avaí x Grêmio Novorizontino,Avaí,Grêmio Novorizontino,347283053,Robson,48,,1,1,7,Robson,850987,F,goal,False,11.1,54.2,,,False,2026-06-02T14:46:54.079949Z
2026,serie_b,7,15526057,pWcsokeb,Avaí x Grêmio Novorizontino,Avaí,Grêmio Novorizontino,347283050,Luiz Henrique,23,,1,0,1,Luiz Henrique,1015283,M,goal,False,82.1,66.0,,,True,2026-06-02T14:46:54.079949Z
2026,serie_b,7,15526074,wPsAfMc,Vila Nova FC x Athletic Club,Vila Nova FC,Athletic Club,347235132,Bruninho,87,,1,1,1,Lucas Belezi,1130040,D,pass,False,67.2,20.7,57.8,34.5,False,2026-06-02T14:46:54.079949Z
2026,serie_b,7,15526074,wPsAfMc,Vila Nova FC x Athletic Club,Vila Nova FC,Athletic Club,347235132,Bruninho,87,,1,1,2,Kauan Rodrigues,1516708,M,pass,False,56.9,35.8,18.4,28.5,False,2026-06-02T14:46:54.079949Z
2026,serie_b,7,15526074,wPsAfMc,Vila Nova FC x Athletic Club,Vila Nova FC,Athletic Club,347235132,Bruninho,87,,1,1,3,Lucas Belezi,1130040,D,pass,True,9.9,34.6,5.1,50.2,False,2026-06-02T14:46:54.079949Z
2026,serie_b,7,15526074,wPsAfMc,Vila Nova FC x Athletic Club,Vila Nova FC,Athletic Club,347235132,Bruninho,87,,1,1,4,Bruninho,2032258,M,goal,False,3.9,51.2,,,False,2026-06-02T14:46:54.079949Z
2026,serie_b,7,15526074,wPsAfMc,Vila Nova FC x Athletic Club,Vila Nova FC,Athletic Club,347234262,Dellatorre,69,,1,0,1,João Vieira,1046490,M,pass,False,66.0,61.4,85.7,66.9,True,2026-06-02T14:46:54.079949Z
2026,serie_b,7,15526074,wPsAfMc,Vila Nova FC x Athletic Club,Vila Nova FC,Athletic Club,347234262,Dellatorre,69,,1,0,2,Marquinhos Gabriel,90812,M,pass,True,86.3,69.3,92.9,47.7,True,2026-06-02T14:46:54.079949Z
2026,serie_b,7,15526074,wPsAfMc,Vila Nova FC x Athletic Club,Vila Nova FC,Athletic Club,347234262,Dellatorre,69,,1,0,3,Dellatorre,166503,F,goal,False,92.9,47.7,,,True,2026-06-02T14:46:54.079949Z
2026,serie_b,8,15526081,kOswP,Goiás x Vila Nova FC,Goiás,Vila Nova FC,347760932,Anselmo Ramon,79,,1,0,1,Lucas Rodrigues,1888138,M,pass,False,59.5,68.6,55.2,36.3,True,2026-06-02T14:46:54.079949Z
2026,serie_b,8,15526081,kOswP,Goiás x Vila Nova FC,Goiás,Vila Nova FC,347760932,Anselmo Ramon,79,,1,0,2,Luiz Felipe,831993,D,pass,False,56.5,31.8,62.4,9.0,True,2026-06-02T14:46:54.079949Z
2026,serie_b,8,15526081,kOswP,Goiás x Vila Nova FC,Goiás,Vila Nova FC,347760932,Anselmo Ramon,79,,1,0,3,Diego Caito,1468270,D,pass,False,62.4,9.0,87.4,8.7,True,2026-06-02T14:46:54.079949Z
2026,serie_b,8,15526081,kOswP,Goiás x Vila Nova FC,Goiás,Vila Nova FC,347760932,Anselmo Ramon,79,,1,0,4,Lourenço,879871,M,pass,False,84.2,14.8,84.6,25.2,True,2026-06-02T14:46:54.079949Z
2026,serie_b,8,15526081,kOswP,Goiás x Vila Nova FC,Goiás,Vila Nova FC,347760932,Anselmo Ramon,79,,1,0,5,Diego Caito,1468270,D,cross,True,89.0,26.0,95.8,52.8,True,2026-06-02T14:46:54.079949Z
2026,serie_b,8,15526081,kOswP,Goiás x Vila Nova FC,Goiás,Vila Nova FC,347760932,Anselmo Ramon,79,,1,0,6,Anselmo Ramon,125032,F,goal,False,95.8,52.8,,,True,2026-06-02T14:46:54.079949Z
2026,serie_b,8,15526080,bPsoWc,Ceará x Atlético Goianiense,Ceará,Atlético Goianiense,347780293,Gustavo Coutinho,29,,0,1,1,Gustavo Coutinho,981595,F,goal,False,11.5,50.0,,,False,2026-06-02T14:46:54.079949Z
2026,serie_b,8,15526084,HPisJRp,CRB x Operário-PR,CRB,Operário-PR,347788547,Mikael,49,,3,0,1,Mikael,994017,F,goal,False,79.3,27.6,,,True,2026-06-02T14:46:54.079949Z
2026,serie_b,8,15526084,HPisJRp,CRB x Operário-PR,CRB,Operário-PR,347785800,Pedro Castro,27,,2,0,1,Diogo Hereda,981295,D,pass,False,40.2,4.7,36.3,25.2,True,2026-06-02T14:46:54.079949Z
2026,serie_b,8,15526084,HPisJRp,CRB x Operário-PR,CRB,Operário-PR,347785800,Pedro Castro,27,,2,0,2,Crystopher,869676,M,pass,False,46.9,30.7,62.4,50.9,True,2026-06-02T14:46:54.079949Z
2026,serie_b,8,15526084,HPisJRp,CRB x Operário-PR,CRB,Operário-PR,347785800,Pedro Castro,27,,2,0,3,Mikael,994017,F,pass,False,65.4,49.7,91.6,91.6,True,2026-06-02T14:46:54.079949Z
2026,serie_b,8,15526084,HPisJRp,CRB x Operário-PR,CRB,Operário-PR,347785800,Pedro Castro,27,,2,0,4,Lucas Lovat,810689,D,cross,False,93.3,91.6,92.0,48.7,True,2026-06-02T14:46:54.079949Z
2026,serie_b,8,15526084,HPisJRp,CRB x Operário-PR,CRB,Operário-PR,347785800,Pedro Castro,27,,2,0,5,Mikael,994017,F,ball-touch,True,91.0,49.9,,,True,2026-06-02T14:46:54.079949Z
2026,serie_b,8,15526084,HPisJRp,CRB x Operário-PR,CRB,Operário-PR,347785800,Pedro Castro,27,,2,0,6,Pedro Castro,243185,M,goal,False,93.6,42.7,,,True,2026-06-02T14:46:54.079949Z
2026,serie_b,8,15526084,HPisJRp,CRB x Operário-PR,CRB,Operário-PR,347784838,Pedro Castro,11,,1,0,1,Patrick De Lucca,979868,M,pass,True,71.1,25.6,82.1,31.1,True,2026-06-02T14:46:54.079949Z
2026,serie_b,8,15526084,HPisJRp,CRB x Operário-PR,CRB,Operário-PR,347784838,Pedro Castro,11,,1,0,2,Pedro Castro,243185,M,goal,False,84.3,39.9,,,True,2026-06-02T14:46:54.079949Z
2026,serie_b,8,15526083,yOslP,Náutico x América Mineiro,Náutico,América Mineiro,347906527,Vinícius,73,,4,0,1,Reginaldo,555456,D,pass,False,26.3,11.1,45.8,7.9,True,2026-06-02T14:46:54.079949Z
2026,serie_b,8,15526083,yOslP,Náutico x América Mineiro,Náutico,América Mineiro,347906527,Vinícius,73,,4,0,2,Vinícius,124807,M,pass,False,44.6,7.1,54.4,21.0,True,2026-06-02T14:46:54.079949Z
2026,serie_b,8,15526083,yOslP,Náutico x América Mineiro,Náutico,América Mineiro,347906527,Vinícius,73,,4,0,3,Dodô,1018871,M,pass,False,56.4,22.4,77.7,11.1,True,2026-06-02T14:46:54.079949Z
2026,serie_b,8,15526083,yOslP,Náutico x América Mineiro,Náutico,América Mineiro,347906527,Vinícius,73,,4,0,4,Vinícius,124807,M,pass,False,80.4,8.9,91.3,8.6,True,2026-06-02T14:46:54.079949Z
2026,serie_b,8,15526083,yOslP,Náutico x América Mineiro,Náutico,América Mineiro,347906527,Vinícius,73,,4,0,5,Reginaldo,555456,D,pass,True,91.9,8.8,78.5,8.3,True,2026-06-02T14:46:54.079949Z
2026,serie_b,8,15526083,yOslP,Náutico x América Mineiro,Náutico,América Mineiro,347906527,Vinícius,73,,4,0,6,Vinícius,124807,M,goal,False,79.7,24.6,,,True,2026-06-02T14:46:54.079949Z
2026,serie_b,8,15526083,yOslP,Náutico x América Mineiro,Náutico,América Mineiro,347904861,Dodô,52,,3,0,1,Dodô,1018871,M,goal,False,96.3,47.2,,,True,2026-06-02T14:46:54.079949Z
2026,serie_b,8,15526083,yOslP,Náutico x América Mineiro,Náutico,América Mineiro,347902523,Jhonny,45,5.0,2,0,1,Wenderson,958676,M,miss,False,82.4,31.9,,,True,2026-06-02T14:46:54.079949Z
2026,serie_b,8,15526083,yOslP,Náutico x América Mineiro,Náutico,América Mineiro,347902523,Jhonny,45,5.0,2,0,2,Jhonny,1185449,D,goal,False,90.1,41.1,,,False,2026-06-02T14:46:54.079949Z
2026,serie_b,8,15526083,yOslP,Náutico x América Mineiro,Náutico,América Mineiro,347899869,Vinícius,26,,1,0,1,Wenderson,958676,M,cross,True,95.2,79.7,87.8,35.8,True,2026-06-02T14:46:54.079949Z
2026,serie_b,8,15526083,yOslP,Náutico x América Mineiro,Náutico,América Mineiro,347899869,Vinícius,26,,1,0,2,Vinícius,124807,M,goal,False,87.8,35.8,,,True,2026-06-02T14:46:54.079949Z
2026,serie_b,8,15526076,EOsokeb,Grêmio Novorizontino x Botafogo-SP,Grêmio Novorizontino,Botafogo-SP,347917740,Robson,57,,1,0,1,Rômulo,1105078,M,pass,False,74.8,16.0,96.2,29.3,True,2026-06-02T14:46:54.079949Z
2026,serie_b,8,15526076,EOsokeb,Grêmio Novorizontino x Botafogo-SP,Grêmio Novorizontino,Botafogo-SP,347917740,Robson,57,,1,0,2,Vinicius Paiva,990160,M,pass,True,96.0,26.3,86.6,47.2,True,2026-06-02T14:46:54.079949Z
2026,serie_b,8,15526076,EOsokeb,Grêmio Novorizontino x Botafogo-SP,Grêmio Novorizontino,Botafogo-SP,347917740,Robson,57,,1,0,3,Robson,850987,F,goal,False,86.6,47.2,,,True,2026-06-02T14:46:54.079949Z
2026,serie_b,9,15526089,lPsJRp,Operário-PR x Náutico,Operário-PR,Náutico,348715585,Paulo Sérgio,90,2.0,2,6,1,Todinho,880215,M,pass,False,22.2,6.2,34.6,14.7,False,2026-06-02T14:46:54.079949Z
2026,serie_b,9,15526089,lPsJRp,Operário-PR x Náutico,Operário-PR,Náutico,348715585,Paulo Sérgio,90,2.0,2,6,2,Vinícius,124807,M,pass,False,34.6,14.7,27.4,7.2,False,2026-06-02T14:46:54.079949Z
2026,serie_b,9,15526089,lPsJRp,Operário-PR x Náutico,Operário-PR,Náutico,348715585,Paulo Sérgio,90,2.0,2,6,3,Todinho,880215,M,pass,False,26.7,5.9,36.6,11.3,False,2026-06-02T14:46:54.079949Z
2026,serie_b,9,15526089,lPsJRp,Operário-PR x Náutico,Operário-PR,Náutico,348715585,Paulo Sérgio,90,2.0,2,6,4,Vinícius,124807,M,pass,False,36.6,11.3,29.3,20.0,False,2026-06-02T14:46:54.079949Z
2026,serie_b,9,15526089,lPsJRp,Operário-PR x Náutico,Operário-PR,Náutico,348715585,Paulo Sérgio,90,2.0,2,6,5,Todinho,880215,M,pass,True,22.0,26.5,12.7,52.6,False,2026-06-02T14:46:54.079949Z
2026,serie_b,9,15526089,lPsJRp,Operário-PR x Náutico,Operário-PR,Náutico,348715585,Paulo Sérgio,90,2.0,2,6,6,Paulo Sérgio,34168,F,goal,False,12.5,46.8,,,False,2026-06-02T14:46:54.079949Z
2026,serie_b,9,15526089,lPsJRp,Operário-PR x Náutico,Operário-PR,Náutico,348713689,Dodô,68,,2,5,1,Wenderson,958676,M,pass,True,22.8,25.1,13.6,27.0,False,2026-06-02T14:46:54.079949Z
2026,serie_b,9,15526089,lPsJRp,Operário-PR x Náutico,Operário-PR,Náutico,348713689,Dodô,68,,2,5,2,Dodô,1018871,M,goal,False,11.6,35.0,,,False,2026-06-02T14:46:54.079949Z
2026,serie_b,9,15526089,lPsJRp,Operário-PR x Náutico,Operário-PR,Náutico,348713446,Gabriel Boschilia,67,,2,4,1,Gabriel Boschilia,358540,M,goal,False,88.5,50.0,,,True,2026-06-02T14:46:54.079949Z
2026,serie_b,9,15526089,lPsJRp,Operário-PR x Náutico,Operário-PR,Náutico,348713057,Todinho,63,,1,4,1,Dodô,1018871,M,pass,False,0.5,99.5,12.4,74.1,False,2026-06-02T14:46:54.079949Z
2026,serie_b,9,15526089,lPsJRp,Operário-PR x Náutico,Operário-PR,Náutico,348713057,Todinho,63,,1,4,2,Vinícius,124807,M,pass,False,13.0,74.7,10.6,91.2,False,2026-06-02T14:46:54.079949Z
2026,serie_b,9,15526089,lPsJRp,Operário-PR x Náutico,Operário-PR,Náutico,348713057,Todinho,63,,1,4,3,Dodô,1018871,M,cross,False,9.7,91.5,6.6,52.8,False,2026-06-02T14:46:54.079949Z
2026,serie_b,9,15526089,lPsJRp,Operário-PR x Náutico,Operário-PR,Náutico,348713057,Todinho,63,,1,4,4,Betão,1148361,D,miss,False,6.6,52.8,,,False,2026-06-02T14:46:54.079949Z
2026,serie_b,9,15526089,lPsJRp,Operário-PR x Náutico,Operário-PR,Náutico,348713057,Todinho,63,,1,4,5,Paulo Sérgio,34168,F,cross,True,2.3,9.6,6.0,44.8,False,2026-06-02T14:46:54.079949Z
2026,serie_b,9,15526089,lPsJRp,Operário-PR x Náutico,Operário-PR,Náutico,348713057,Todinho,63,,1,4,6,Todinho,880215,M,goal,False,6.0,44.8,,,False,2026-06-02T14:46:54.079949Z
2026,serie_b,9,15526089,lPsJRp,Operário-PR x Náutico,Operário-PR,Náutico,348712224,Vinícius,53,,1,3,1,Igor Fernandes,329057,D,throw-in,False,65.0,0.0,38.9,24.8,False,2026-06-02T14:46:54.079949Z
2026,serie_b,9,15526089,lPsJRp,Operário-PR x Náutico,Operário-PR,Náutico,348712224,Vinícius,53,,1,3,2,Paulo Sérgio,34168,F,pass,False,38.9,24.8,45.3,37.1,False,2026-06-02T14:46:54.079949Z
2026,serie_b,9,15526089,lPsJRp,Operário-PR x Náutico,Operário-PR,Náutico,348712224,Vinícius,53,,1,3,3,Victor Andrade,243189,M,ball-movement,False,45.3,37.1,22.1,76.8,False,2026-06-02T14:46:54.079949Z
2026,serie_b,9,15526089,lPsJRp,Operário-PR x Náutico,Operário-PR,Náutico,348712224,Vinícius,53,,1,3,4,Victor Andrade,243189,M,pass,True,28.3,68.5,22.1,76.8,False,2026-06-02T14:46:54.079949Z
2026,serie_b,9,15526089,lPsJRp,Operário-PR x Náutico,Operário-PR,Náutico,348712224,Vinícius,53,,1,3,5,Vinícius,124807,M,goal,False,24.8,66.4,,,False,2026-06-02T14:46:54.079949Z
2026,serie_b,9,15526089,lPsJRp,Operário-PR x Náutico,Operário-PR,Náutico,348709615,Reginaldo,45,1.0,1,2,1,Reginaldo,555456,D,goal,False,6.9,66.7,,,False,2026-06-02T14:46:54.079949Z
2026,serie_b,9,15526089,lPsJRp,Operário-PR x Náutico,Operário-PR,Náutico,348707464,Derek Freitas,27,,1,1,1,Igor Fernandes,329057,D,pass,False,35.3,5.7,41.6,30.0,False,2026-06-02T14:46:54.079949Z
2026,serie_b,9,15526089,lPsJRp,Operário-PR x Náutico,Operário-PR,Náutico,348707464,Derek Freitas,27,,1,1,2,Luiz Felipe,1111235,M,pass,False,41.7,30.4,26.4,48.3,False,2026-06-02T14:46:54.079949Z
2026,serie_b,9,15526089,lPsJRp,Operário-PR x Náutico,Operário-PR,Náutico,348707464,Derek Freitas,27,,1,1,3,Vinícius,124807,M,pass,False,27.1,49.4,23.9,90.8,False,2026-06-02T14:46:54.079949Z
2026,serie_b,9,15526089,lPsJRp,Operário-PR x Náutico,Operário-PR,Náutico,348707464,Derek Freitas,27,,1,1,4,Reginaldo,555456,D,pass,False,22.2,92.0,3.3,80.0,False,2026-06-02T14:46:54.079949Z
2026,serie_b,9,15526089,lPsJRp,Operário-PR x Náutico,Operário-PR,Náutico,348707464,Derek Freitas,27,,1,1,5,Vinícius,124807,M,cross,True,9.1,78.3,3.6,48.6,False,2026-06-02T14:46:54.079949Z
2026,serie_b,9,15526089,lPsJRp,Operário-PR x Náutico,Operário-PR,Náutico,348707464,Derek Freitas,27,,1,1,6,Derek Freitas,924423,F,goal,False,3.6,48.6,,,False,2026-06-02T14:46:54.079949Z
2026,serie_b,9,15526089,lPsJRp,Operário-PR x Náutico,Operário-PR,Náutico,348705652,Pablo,7,,1,0,1,Pablo,374486,F,pass,False,62.1,92.1,44.0,92.6,True,2026-06-02T14:46:54.079949Z
2026,serie_b,9,15526089,lPsJRp,Operário-PR x Náutico,Operário-PR,Náutico,348705652,Pablo,7,,1,0,2,Gabriel Boschilia,358540,M,pass,False,55.6,90.5,61.9,18.5,True,2026-06-02T14:46:54.079949Z
2026,serie_b,9,15526089,lPsJRp,Operário-PR x Náutico,Operário-PR,Náutico,348705652,Pablo,7,,1,0,3,Aylon,364528,F,pass,False,62.9,21.2,72.8,11.9,True,2026-06-02T14:46:54.079949Z
2026,serie_b,9,15526089,lPsJRp,Operário-PR x Náutico,Operário-PR,Náutico,348705652,Pablo,7,,1,0,4,Mikael Doka,1067652,D,pass,False,74.7,12.7,88.0,16.8,True,2026-06-02T14:46:54.079949Z
2026,serie_b,9,15526089,lPsJRp,Operário-PR x Náutico,Operário-PR,Náutico,348705652,Pablo,7,,1,0,5,Aylon,364528,F,cross,True,92.2,9.4,93.3,50.1,True,2026-06-02T14:46:54.079949Z
2026,serie_b,9,15526089,lPsJRp,Operário-PR x Náutico,Operário-PR,Náutico,348705652,Pablo,7,,1,0,6,Pablo,374486,F,goal,False,93.3,50.1,,,True,2026-06-02T14:46:54.079949Z
2026,serie_b,9,15526087,yOseau,São Bernardo x América Mineiro,São Bernardo,América Mineiro,348714576,Daniel Davi Simão Roque,85,,1,1,1,Daniel Davi Simão Roque,2026435,M,goal,False,97.1,57.5,,,True,2026-06-02T14:46:54.079949Z
2026,serie_b,9,15526087,yOseau,São Bernardo x América Mineiro,São Bernardo,América Mineiro,348706814,Fernando Elizari,19,,0,1,1,Felipe Amaral,1201949,M,pass,True,20.7,49.2,13.6,39.1,False,2026-06-02T14:46:54.079949Z
2026,serie_b,9,15526087,yOseau,São Bernardo x América Mineiro,São Bernardo,América Mineiro,348706814,Fernando Elizari,19,,0,1,2,Fernando Elizari,249911,M,goal,False,13.6,39.1,,,False,2026-06-02T14:46:54.079949Z
2026,serie_b,9,15526091,kOsEO,Goiás x Botafogo-SP,Goiás,Botafogo-SP,348723585,Kadu,73,,1,0,1,Esli García,1019977,M,cross,True,99.5,0.5,91.1,45.8,True,2026-06-02T14:46:54.079949Z
2026,serie_b,9,15526091,kOsEO,Goiás x Botafogo-SP,Goiás,Botafogo-SP,348723585,Kadu,73,,1,0,2,Kadu,2440936,M,goal,False,91.1,45.8,,,True,2026-06-02T14:46:54.079949Z
2026,serie_b,9,15526088,FOsAfMc,Athletic Club x Juventude,Athletic Club,Juventude,348850459,Raí,90,3.0,1,1,1,Aderlan,584432,D,cross,False,0.5,99.5,19.7,30.7,False,2026-06-02T14:46:54.079949Z
2026,serie_b,9,15526088,FOsAfMc,Athletic Club x Juventude,Athletic Club,Juventude,348850459,Raí,90,3.0,1,1,2,Alisson Safira,870927,F,ball-touch,True,13.1,36.7,,,False,2026-06-02T14:46:54.079949Z
2026,serie_b,9,15526088,FOsAfMc,Athletic Club x Juventude,Athletic Club,Juventude,348850459,Raí,90,3.0,1,1,3,Raí,1175321,M,goal,False,19.7,30.7,,,False,2026-06-02T14:46:54.079949Z
2026,serie_b,9,15526088,FOsAfMc,Athletic Club x Juventude,Athletic Club,Juventude,348842432,Dixon Vera,28,,1,0,1,Jhonathan,1467761,D,pass,False,18.9,22.5,25.9,7.3,True,2026-06-02T14:46:54.079949Z
2026,serie_b,9,15526088,FOsAfMc,Athletic Club x Juventude,Athletic Club,Juventude,348842432,Dixon Vera,28,,1,0,2,Jota,1200993,M,tackle,False,19.4,11.8,,,True,2026-06-02T14:46:54.079949Z
2026,serie_b,9,15526088,FOsAfMc,Athletic Club x Juventude,Athletic Club,Juventude,348842432,Dixon Vera,28,,1,0,3,Max,1642625,M,pass,False,78.4,16.1,78.0,30.1,True,2026-06-02T14:46:54.079949Z
2026,serie_b,9,15526088,FOsAfMc,Athletic Club x Juventude,Athletic Club,Juventude,348842432,Dixon Vera,28,,1,0,4,Ian Luccas,1046496,M,pass,False,78.0,30.1,97.9,29.8,True,2026-06-02T14:46:54.079949Z
2026,serie_b,9,15526088,FOsAfMc,Athletic Club x Juventude,Athletic Club,Juventude,348842432,Dixon Vera,28,,1,0,5,Max,1642625,M,pass,True,98.1,30.0,90.1,41.7,True,2026-06-02T14:46:54.079949Z
2026,serie_b,9,15526088,FOsAfMc,Athletic Club x Juventude,Athletic Club,Juventude,348842432,Dixon Vera,28,,1,0,6,Dixon Vera,1197424,M,goal,False,90.1,41.7,,,True,2026-06-02T14:46:54.079949Z
2026,serie_b,9,15526095,wPspWc,Vila Nova FC x Avaí,Vila Nova FC,Avaí,348853997,Dudu Dos Santos,45,1.0,2,0,1,Dudu Dos Santos,1135930,M,goal,False,94.9,57.9,,,True,2026-06-02T14:46:54.079949Z
2026,serie_b,9,15526095,wPspWc,Vila Nova FC x Avaí,Vila Nova FC,Avaí,348853028,Bruno Xavier,33,,1,0,1,Ryan Lima,1634692,F,interception,False,65.9,33.7,,,True,2026-06-02T14:46:54.079949Z
2026,serie_b,9,15526095,wPspWc,Vila Nova FC x Avaí,Vila Nova FC,Avaí,348853028,Bruno Xavier,33,,1,0,2,Ryan Lima,1634692,F,save,False,81.2,50.1,,,True,2026-06-02T14:46:54.079949Z
2026,serie_b,9,15526095,wPspWc,Vila Nova FC x Avaí,Vila Nova FC,Avaí,348853028,Bruno Xavier,33,,1,0,3,Bruno Xavier,901455,M,goal,False,91.4,55.8,,,True,2026-06-02T14:46:54.079949Z
2026,serie_b,9,15526092,JOsoWc,Criciúma x Atlético Goianiense,Criciúma,Atlético Goianiense,348858106,Ewerthon,61,,1,1,1,Leandro Vilela,871013,M,pass,False,54.3,60.7,55.0,38.8,False,2026-06-02T14:46:54.079949Z
2026,serie_b,9,15526092,JOsoWc,Criciúma x Atlético Goianiense,Criciúma,Atlético Goianiense,348858106,Ewerthon,61,,1,1,2,Adriano Martins,1008459,D,pass,False,55.3,41.7,33.8,8.0,False,2026-06-02T14:46:54.079949Z
2026,serie_b,9,15526092,JOsoWc,Criciúma x Atlético Goianiense,Criciúma,Atlético Goianiense,348858106,Ewerthon,61,,1,1,3,Geovany Soares,1640631,M,ball-movement,False,33.8,8.0,5.8,52.3,False,2026-06-02T14:46:54.079949Z
2026,serie_b,9,15526092,JOsoWc,Criciúma x Atlético Goianiense,Criciúma,Atlético Goianiense,348858106,Ewerthon,61,,1,1,4,Geovany Soares,1640631,M,pass,True,9.2,25.2,5.8,52.3,False,2026-06-02T14:46:54.079949Z
2026,serie_b,9,15526092,JOsoWc,Criciúma x Atlético Goianiense,Criciúma,Atlético Goianiense,348858106,Ewerthon,61,,1,1,5,Ewerthon,992512,D,goal,False,5.8,52.3,,,False,2026-06-02T14:46:54.079949Z
2026,serie_b,9,15526092,JOsoWc,Criciúma x Atlético Goianiense,Criciúma,Atlético Goianiense,348857890,Nicolas,59,,1,0,1,Rómulo Otero,845323,M,cross,True,99.5,0.5,93.6,40.7,True,2026-06-02T14:46:54.079949Z
2026,serie_b,9,15526092,JOsoWc,Criciúma x Atlético Goianiense,Criciúma,Atlético Goianiense,348857890,Nicolas,59,,1,0,2,Nicolas,866564,F,goal,False,93.6,40.7,,,True,2026-06-02T14:46:54.079949Z
2026,serie_b,9,15526090,bPsvP,Ceará x Fortaleza,Ceará,Fortaleza,348858423,Júlio César,68,,2,1,1,Melk,2440251,M,cross,True,99.5,0.5,96.9,45.5,True,2026-06-02T14:46:54.079949Z
2026,serie_b,9,15526090,bPsvP,Ceará x Fortaleza,Ceará,Fortaleza,348858423,Júlio César,68,,2,1,2,Júlio César,1185832,D,goal,False,97.1,44.6,,,True,2026-06-02T14:46:54.079949Z
2026,serie_b,9,15526090,bPsvP,Ceará x Fortaleza,Ceará,Fortaleza,348857713,Melk,58,,1,1,1,Enzo Valentim Lodovico,1631189,D,pass,True,88.7,38.1,86.4,37.2,True,2026-06-02T14:46:54.079949Z
2026,serie_b,9,15526090,bPsvP,Ceará x Fortaleza,Ceará,Fortaleza,348857713,Melk,58,,1,1,2,Melk,2440251,M,goal,False,87.2,38.9,,,True,2026-06-02T14:46:54.079949Z
2026,serie_b,9,15526090,bPsvP,Ceará x Fortaleza,Ceará,Fortaleza,348854636,Maílton,28,,0,1,1,Maílton,973857,D,goal,False,11.5,50.0,,,False,2026-06-02T14:46:54.079949Z
2026,serie_b,9,15526086,uOsxP,Ponte Preta x Londrina,Ponte Preta,Londrina,348966356,Miguel,90,4.0,1,4,1,Rodriguinho,1147005,F,pass,False,50.1,49.9,42.9,69.3,True,2026-06-02T14:46:54.079949Z
2026,serie_b,9,15526086,uOsxP,Ponte Preta x Londrina,Ponte Preta,Londrina,348966356,Miguel,90,4.0,1,4,2,Elvis,156028,M,ball-movement,False,42.9,69.3,66.6,29.1,True,2026-06-02T14:46:54.079949Z
2026,serie_b,9,15526086,uOsxP,Ponte Preta x Londrina,Ponte Preta,Londrina,348966356,Miguel,90,4.0,1,4,3,Elvis,156028,M,pass,False,61.8,66.3,66.6,29.1,True,2026-06-02T14:46:54.079949Z
2026,serie_b,9,15526086,uOsxP,Ponte Preta x Londrina,Ponte Preta,Londrina,348966356,Miguel,90,4.0,1,4,4,André Lima,1116646,M,pass,False,66.6,29.1,79.4,15.6,True,2026-06-02T14:46:54.079949Z
2026,serie_b,9,15526086,uOsxP,Ponte Preta x Londrina,Ponte Preta,Londrina,348966356,Miguel,90,4.0,1,4,5,Diego Tavares,871003,M,cross,True,85.1,17.2,92.3,51.7,True,2026-06-02T14:46:54.079949Z
2026,serie_b,9,15526086,uOsxP,Ponte Preta x Londrina,Ponte Preta,Londrina,348966356,Miguel,90,4.0,1,4,6,Miguel,2168369,D,goal,False,92.3,51.7,,,True,2026-06-02T14:46:54.079949Z
2026,serie_b,9,15526086,uOsxP,Ponte Preta x Londrina,Ponte Preta,Londrina,348966259,João Tavares,90,3.0,0,4,1,Gabriel Lacerda,1047847,D,clearance,False,87.0,36.1,46.5,11.6,False,2026-06-02T14:46:54.079949Z
2026,serie_b,9,15526086,uOsxP,Ponte Preta x Londrina,Ponte Preta,Londrina,348966259,João Tavares,90,3.0,0,4,2,Bruno Santos,1105781,F,pass,False,36.0,19.5,20.5,28.5,False,2026-06-02T14:46:54.079949Z
2026,serie_b,9,15526086,uOsxP,Ponte Preta x Londrina,Ponte Preta,Londrina,348966259,João Tavares,90,3.0,0,4,3,Paulinho Moccelin,341145,M,pass,True,19.1,32.2,19.8,52.7,False,2026-06-02T14:46:54.079949Z
2026,serie_b,9,15526086,uOsxP,Ponte Preta x Londrina,Ponte Preta,Londrina,348966259,João Tavares,90,3.0,0,4,4,João Tavares,1400331,M,goal,False,15.8,53.3,,,False,2026-06-02T14:46:54.079949Z
2026,serie_b,9,15526086,uOsxP,Ponte Preta x Londrina,Ponte Preta,Londrina,348966006,André Cardoso,88,,0,3,1,André Cardoso,1470521,M,pass,False,70.1,60.2,34.5,56.4,False,2026-06-02T14:46:54.079949Z
2026,serie_b,9,15526086,uOsxP,Ponte Preta x Londrina,Ponte Preta,Londrina,348966006,André Cardoso,88,,0,3,2,Bruno Santos,1105781,F,ball-movement,False,34.5,56.4,18.1,55.3,False,2026-06-02T14:46:54.079949Z
2026,serie_b,9,15526086,uOsxP,Ponte Preta x Londrina,Ponte Preta,Londrina,348966006,André Cardoso,88,,0,3,3,Bruno Santos,1105781,F,pass,True,13.8,43.4,18.1,55.3,False,2026-06-02T14:46:54.079949Z
2026,serie_b,9,15526086,uOsxP,Ponte Preta x Londrina,Ponte Preta,Londrina,348966006,André Cardoso,88,,0,3,4,André Cardoso,1470521,M,goal,False,18.1,55.3,,,False,2026-06-02T14:46:54.079949Z
2026,serie_b,9,15526086,uOsxP,Ponte Preta x Londrina,Ponte Preta,Londrina,348964835,Bruno Santos,66,,0,2,1,Lucas Marques,796100,M,ball-touch,False,39.9,32.2,,,False,2026-06-02T14:46:54.079949Z
2026,serie_b,9,15526086,uOsxP,Ponte Preta x Londrina,Ponte Preta,Londrina,348964835,Bruno Santos,66,,0,2,2,Thalis Cantanhede,856357,M,pass,True,35.7,44.2,15.5,33.3,False,2026-06-02T14:46:54.079949Z
2026,serie_b,9,15526086,uOsxP,Ponte Preta x Londrina,Ponte Preta,Londrina,348964835,Bruno Santos,66,,0,2,3,Bruno Santos,1105781,F,goal,False,18.2,46.0,,,False,2026-06-02T14:46:54.079949Z
2026,serie_b,9,15526086,uOsxP,Ponte Preta x Londrina,Ponte Preta,Londrina,348961717,Iago Teles,24,,0,1,1,André Dhominique,1177384,D,pass,False,55.4,72.9,46.8,69.3,False,2026-06-02T14:46:54.079949Z
2026,serie_b,9,15526086,uOsxP,Ponte Preta x Londrina,Ponte Preta,Londrina,348961717,Iago Teles,24,,0,1,2,Lucas Marques,796100,M,pass,False,46.8,69.3,54.3,58.7,False,2026-06-02T14:46:54.079949Z
2026,serie_b,9,15526086,uOsxP,Ponte Preta x Londrina,Ponte Preta,Londrina,348961717,Iago Teles,24,,0,1,3,André Luiz,1016673,M,pass,False,54.3,58.7,40.0,39.4,False,2026-06-02T14:46:54.079949Z
2026,serie_b,9,15526086,uOsxP,Ponte Preta x Londrina,Ponte Preta,Londrina,348961717,Iago Teles,24,,0,1,4,Thalis Cantanhede,856357,M,pass,False,40.0,39.4,20.7,40.9,False,2026-06-02T14:46:54.079949Z
2026,serie_b,9,15526086,uOsxP,Ponte Preta x Londrina,Ponte Preta,Londrina,348961717,Iago Teles,24,,0,1,5,Bruno Santos,1105781,F,pass,True,20.7,40.9,9.8,34.6,False,2026-06-02T14:46:54.079949Z
2026,serie_b,9,15526086,uOsxP,Ponte Preta x Londrina,Ponte Preta,Londrina,348961717,Iago Teles,24,,0,1,6,Iago Teles,1125099,F,goal,False,9.8,34.6,,,False,2026-06-02T14:46:54.079949Z
2026,serie_b,10,15526104,lPscJu,Náutico x Cuiabá,Náutico,Cuiabá,349431941,Todinho,71,,1,0,1,Igor Fernandes,329057,D,pass,False,56.0,73.2,67.6,93.6,True,2026-06-02T14:46:54.079949Z
2026,serie_b,10,15526104,lPscJu,Náutico x Cuiabá,Náutico,Cuiabá,349431941,Todinho,71,,1,0,2,Yuri,857733,D,pass,False,64.4,78.6,48.1,49.9,True,2026-06-02T14:46:54.079949Z
2026,serie_b,10,15526104,lPscJu,Náutico x Cuiabá,Náutico,Cuiabá,349431941,Todinho,71,,1,0,3,Betão,1148361,D,ball-movement,False,48.1,49.9,67.9,9.1,True,2026-06-02T14:46:54.079949Z
2026,serie_b,10,15526104,lPscJu,Náutico x Cuiabá,Náutico,Cuiabá,349431941,Todinho,71,,1,0,4,Betão,1148361,D,pass,False,62.8,28.9,67.9,9.1,True,2026-06-02T14:46:54.079949Z
2026,serie_b,10,15526104,lPscJu,Náutico x Cuiabá,Náutico,Cuiabá,349431941,Todinho,71,,1,0,5,Vinícius,124807,M,pass,False,67.9,9.1,79.1,22.6,True,2026-06-02T14:46:54.079949Z
2026,serie_b,10,15526104,lPscJu,Náutico x Cuiabá,Náutico,Cuiabá,349431941,Todinho,71,,1,0,6,Luiz Felipe,1111235,M,ball-movement,False,79.1,22.6,92.4,46.9,True,2026-06-02T14:46:54.079949Z
2026,serie_b,10,15526104,lPscJu,Náutico x Cuiabá,Náutico,Cuiabá,349431941,Todinho,71,,1,0,7,Luiz Felipe,1111235,M,pass,True,97.9,29.2,92.4,46.9,True,2026-06-02T14:46:54.079949Z
2026,serie_b,10,15526104,lPscJu,Náutico x Cuiabá,Náutico,Cuiabá,349431941,Todinho,71,,1,0,8,Todinho,880215,M,goal,False,92.4,46.9,,,True,2026-06-02T14:46:54.079949Z
2026,serie_b,10,15526103,kOspWc,Avaí x Goiás,Avaí,Goiás,349685381,Anselmo Ramon,78,,0,2,1,Lucas Rodrigues,1888138,M,tackle,False,41.0,21.4,,,False,2026-06-02T14:46:54.079949Z
2026,serie_b,10,15526103,kOspWc,Avaí x Goiás,Avaí,Goiás,349685381,Anselmo Ramon,78,,0,2,2,Esli García,1019977,M,pass,False,24.7,49.5,13.3,53.7,False,2026-06-02T14:46:54.079949Z
2026,serie_b,10,15526103,kOspWc,Avaí x Goiás,Avaí,Goiás,349685381,Anselmo Ramon,78,,0,2,3,Diego Caito,1468270,D,pass,True,7.5,56.4,3.3,43.8,False,2026-06-02T14:46:54.079949Z
2026,serie_b,10,15526103,kOspWc,Avaí x Goiás,Avaí,Goiás,349685381,Anselmo Ramon,78,,0,2,4,Anselmo Ramon,125032,F,goal,False,3.3,43.8,,,False,2026-06-02T14:46:54.079949Z
2026,serie_b,10,15526103,kOspWc,Avaí x Goiás,Avaí,Goiás,349684922,Bruno Sávio,71,,0,1,1,Lucas Ribeiro,945578,D,pass,False,86.0,70.1,75.6,79.1,False,2026-06-02T14:46:54.079949Z
2026,serie_b,10,15526103,kOspWc,Avaí x Goiás,Avaí,Goiás,349684922,Bruno Sávio,71,,0,1,2,Bruno Sávio,840066,F,pass,False,76.1,81.8,79.1,92.2,False,2026-06-02T14:46:54.079949Z
2026,serie_b,10,15526103,kOspWc,Avaí x Goiás,Avaí,Goiás,349684922,Bruno Sávio,71,,0,1,3,Lucas Lima,244589,M,pass,False,78.0,78.0,48.2,88.3,False,2026-06-02T14:46:54.079949Z
2026,serie_b,10,15526103,kOspWc,Avaí x Goiás,Avaí,Goiás,349684922,Bruno Sávio,71,,0,1,4,Diego Caito,1468270,D,ball-movement,False,48.2,88.3,12.9,52.6,False,2026-06-02T14:46:54.079949Z
2026,serie_b,10,15526103,kOspWc,Avaí x Goiás,Avaí,Goiás,349684922,Bruno Sávio,71,,0,1,5,Diego Caito,1468270,D,cross,False,18.4,84.7,12.9,52.6,False,2026-06-02T14:46:54.079949Z
2026,serie_b,10,15526103,kOspWc,Avaí x Goiás,Avaí,Goiás,349684922,Bruno Sávio,71,,0,1,6,Esli García,1019977,M,ball-touch,True,12.0,51.6,,,False,2026-06-02T14:46:54.079949Z
2026,serie_b,10,15526103,kOspWc,Avaí x Goiás,Avaí,Goiás,349684922,Bruno Sávio,71,,0,1,7,Bruno Sávio,840066,F,goal,False,7.4,54.7,,,False,2026-06-02T14:46:54.079949Z
2026,serie_b,10,15526098,bPsokeb,Grêmio Novorizontino x Ceará,Grêmio Novorizontino,Ceará,349558285,Juninho,87,,2,1,1,Juninho,1016874,M,goal,False,77.6,38.7,,,True,2026-06-02T14:46:54.079949Z
2026,serie_b,10,15526098,bPsokeb,Grêmio Novorizontino x Ceará,Grêmio Novorizontino,Ceará,349552729,Melk,44,,1,1,1,Matheus Araújo,1002617,M,pass,False,12.6,33.8,14.1,53.2,False,2026-06-02T14:46:54.079949Z
2026,serie_b,10,15526098,bPsokeb,Grêmio Novorizontino x Ceará,Grêmio Novorizontino,Ceará,349552729,Melk,44,,1,1,2,Fernandinho,871219,M,pass,True,14.1,53.2,6.4,59.1,False,2026-06-02T14:46:54.079949Z
2026,serie_b,10,15526098,bPsokeb,Grêmio Novorizontino x Ceará,Grêmio Novorizontino,Ceará,349552729,Melk,44,,1,1,3,Melk,2440251,M,goal,False,8.8,57.7,,,False,2026-06-02T14:46:54.079949Z
2026,serie_b,10,15526098,bPsokeb,Grêmio Novorizontino x Ceará,Grêmio Novorizontino,Ceará,349548856,Matheus Bianqui,7,,1,0,1,Maykon Jesus,1836781,D,pass,False,61.3,96.3,26.8,68.9,True,2026-06-02T14:46:54.079949Z
2026,serie_b,10,15526098,bPsokeb,Grêmio Novorizontino x Ceará,Grêmio Novorizontino,Ceará,349548856,Matheus Bianqui,7,,1,0,2,Patrick,1148340,D,pass,False,27.7,69.3,10.8,39.3,True,2026-06-02T14:46:54.079949Z
2026,serie_b,10,15526098,bPsokeb,Grêmio Novorizontino x Ceará,Grêmio Novorizontino,Ceará,349548856,Matheus Bianqui,7,,1,0,3,Jordi,794840,G,pass,False,11.9,35.8,46.2,77.1,True,2026-06-02T14:46:54.079949Z
2026,serie_b,10,15526098,bPsokeb,Grêmio Novorizontino x Ceará,Grêmio Novorizontino,Ceará,349548856,Matheus Bianqui,7,,1,0,4,Vinicius Paiva,990160,M,pass,False,46.2,77.1,42.1,61.5,True,2026-06-02T14:46:54.079949Z
2026,serie_b,10,15526098,bPsokeb,Grêmio Novorizontino x Ceará,Grêmio Novorizontino,Ceará,349548856,Matheus Bianqui,7,,1,0,5,Rômulo,1105078,M,ball-movement,False,42.1,61.5,68.2,29.1,True,2026-06-02T14:46:54.079949Z
2026,serie_b,10,15526098,bPsokeb,Grêmio Novorizontino x Ceará,Grêmio Novorizontino,Ceará,349548856,Matheus Bianqui,7,,1,0,6,Rômulo,1105078,M,pass,True,63.1,60.1,68.2,29.1,True,2026-06-02T14:46:54.079949Z
2026,serie_b,10,15526098,bPsokeb,Grêmio Novorizontino x Ceará,Grêmio Novorizontino,Ceará,349548856,Matheus Bianqui,7,,1,0,7,Matheus Bianqui,981746,M,goal,False,69.7,32.8,,,True,2026-06-02T14:46:54.079949Z
2026,serie_b,10,15526101,vPsxP,Fortaleza x Londrina,Fortaleza,Londrina,349568056,Lucca Prior,90,9.0,3,0,1,Luan Freitas,986064,D,pass,False,28.5,31.2,43.7,8.8,True,2026-06-02T14:46:54.079949Z
2026,serie_b,10,15526101,vPsxP,Fortaleza x Londrina,Fortaleza,Londrina,349568056,Lucca Prior,90,9.0,3,0,2,Emanuel Brítez,789395,D,pass,False,46.3,7.0,57.4,7.6,True,2026-06-02T14:46:54.079949Z
2026,serie_b,10,15526101,vPsxP,Fortaleza x Londrina,Fortaleza,Londrina,349568056,Lucca Prior,90,9.0,3,0,3,Rodriguinho,1174770,M,pass,False,59.9,6.3,77.2,14.2,True,2026-06-02T14:46:54.079949Z
2026,serie_b,10,15526101,vPsxP,Fortaleza x Londrina,Fortaleza,Londrina,349568056,Lucca Prior,90,9.0,3,0,4,Welliton,989892,M,pass,False,78.7,13.6,93.8,20.4,True,2026-06-02T14:46:54.079949Z
2026,serie_b,10,15526101,vPsxP,Fortaleza x Londrina,Fortaleza,Londrina,349568056,Lucca Prior,90,9.0,3,0,5,Kayke,1631272,F,cross,True,96.4,24.8,93.0,53.6,True,2026-06-02T14:46:54.079949Z
2026,serie_b,10,15526101,vPsxP,Fortaleza x Londrina,Fortaleza,Londrina,349568056,Lucca Prior,90,9.0,3,0,6,Lucca Prior,1631235,M,goal,False,93.0,53.6,,,True,2026-06-02T14:46:54.079949Z
2026,serie_b,10,15526101,vPsxP,Fortaleza x Londrina,Fortaleza,Londrina,349565381,Luiz Fernando,53,,2,0,1,Luiz Fernando,874143,F,goal,False,88.5,50.0,,,True,2026-06-02T14:46:54.079949Z
2026,serie_b,10,15526101,vPsxP,Fortaleza x Londrina,Fortaleza,Londrina,349563355,Vitinho,36,,1,0,1,Emanuel Brítez,789395,D,pass,False,53.2,34.2,71.4,7.2,True,2026-06-02T14:46:54.079949Z
2026,serie_b,10,15526101,vPsxP,Fortaleza x Londrina,Fortaleza,Londrina,349563355,Vitinho,36,,1,0,2,Lucas Sasha,123225,M,pass,False,67.3,9.1,78.2,6.3,True,2026-06-02T14:46:54.079949Z
2026,serie_b,10,15526101,vPsxP,Fortaleza x Londrina,Fortaleza,Londrina,349563355,Vitinho,36,,1,0,3,Rodriguinho,1174770,M,pass,False,73.8,10.2,65.7,26.4,True,2026-06-02T14:46:54.079949Z
2026,serie_b,10,15526101,vPsxP,Fortaleza x Londrina,Fortaleza,Londrina,349563355,Vitinho,36,,1,0,4,Emanuel Brítez,789395,D,pass,False,65.1,24.7,74.1,33.7,True,2026-06-02T14:46:54.079949Z
2026,serie_b,10,15526101,vPsxP,Fortaleza x Londrina,Fortaleza,Londrina,349563355,Vitinho,36,,1,0,5,Matheus Rossetto,842682,M,pass,True,72.5,33.7,79.9,31.2,True,2026-06-02T14:46:54.079949Z
2026,serie_b,10,15526101,vPsxP,Fortaleza x Londrina,Fortaleza,Londrina,349563355,Vitinho,36,,1,0,6,Vitinho,1066721,F,goal,False,77.4,34.8,,,True,2026-06-02T14:46:54.079949Z
2026,serie_b,10,15526102,oWcseau,Atlético Goianiense x São Bernardo,Atlético Goianiense,São Bernardo,349674491,Pablo Dyego,81,,0,1,1,Pablo Dyego,550248,F,goal,False,0.7,48.5,,,False,2026-06-02T14:46:54.079949Z
2026,serie_b,10,15526105,uOsHPi,CRB x Ponte Preta,CRB,Ponte Preta,349677908,Luiz Phellype,90,4.0,4,2,1,Fábio Alemão,911436,D,pass,False,30.3,77.5,15.9,54.4,True,2026-06-02T14:46:54.079949Z
2026,serie_b,10,15526105,uOsHPi,CRB x Ponte Preta,CRB,Ponte Preta,349677908,Luiz Phellype,90,4.0,4,2,2,Vitor Caetano,931558,G,pass,False,17.0,52.2,12.0,23.8,True,2026-06-02T14:46:54.079949Z
2026,serie_b,10,15526105,uOsHPi,CRB x Ponte Preta,CRB,Ponte Preta,349677908,Luiz Phellype,90,4.0,4,2,3,Henri Santos,1002459,D,pass,False,12.5,14.5,78.7,3.3,True,2026-06-02T14:46:54.079949Z
2026,serie_b,10,15526105,uOsHPi,CRB x Ponte Preta,CRB,Ponte Preta,349677908,Luiz Phellype,90,4.0,4,2,4,Mikael,994017,F,pass,False,86.6,6.7,90.3,25.3,True,2026-06-02T14:46:54.079949Z
2026,serie_b,10,15526105,uOsHPi,CRB x Ponte Preta,CRB,Ponte Preta,349677908,Luiz Phellype,90,4.0,4,2,5,Douglas Baggio,795035,F,pass,True,93.9,26.7,87.5,37.6,True,2026-06-02T14:46:54.079949Z
2026,serie_b,10,15526105,uOsHPi,CRB x Ponte Preta,CRB,Ponte Preta,349677908,Luiz Phellype,90,4.0,4,2,6,Luiz Phellype,291707,F,goal,False,88.8,43.6,,,True,2026-06-02T14:46:54.079949Z
2026,serie_b,10,15526105,uOsHPi,CRB x Ponte Preta,CRB,Ponte Preta,349677122,Luiz Phellype,80,,3,2,1,Leo Campos,125034,D,throw-in,False,86.3,0.0,76.4,7.6,True,2026-06-02T14:46:54.079949Z
2026,serie_b,10,15526105,uOsHPi,CRB x Ponte Preta,CRB,Ponte Preta,349677122,Luiz Phellype,80,,3,2,2,Geovane,1177383,M,pass,False,77.7,17.2,96.6,18.0,True,2026-06-02T14:46:54.079949Z
2026,serie_b,10,15526105,uOsHPi,CRB x Ponte Preta,CRB,Ponte Preta,349677122,Luiz Phellype,80,,3,2,3,Leo Campos,125034,D,cross,True,93.6,16.2,92.1,50.7,True,2026-06-02T14:46:54.079949Z
2026,serie_b,10,15526105,uOsHPi,CRB x Ponte Preta,CRB,Ponte Preta,349677122,Luiz Phellype,80,,3,2,4,Luiz Phellype,291707,F,goal,False,92.1,50.7,,,True,2026-06-02T14:46:54.079949Z
2026,serie_b,10,15526105,uOsHPi,CRB x Ponte Preta,CRB,Ponte Preta,349675463,Mikael,57,,2,2,1,Fábio Alemão,911436,D,pass,False,56.3,43.2,77.5,17.8,True,2026-06-02T14:46:54.079949Z
2026,serie_b,10,15526105,uOsHPi,CRB x Ponte Preta,CRB,Ponte Preta,349675463,Mikael,57,,2,2,2,Diogo Hereda,981295,D,cross,True,77.4,17.7,90.5,45.8,True,2026-06-02T14:46:54.079949Z
2026,serie_b,10,15526105,uOsHPi,CRB x Ponte Preta,CRB,Ponte Preta,349675463,Mikael,57,,2,2,3,Mikael,994017,F,goal,False,90.5,45.8,,,True,2026-06-02T14:46:54.079949Z
2026,serie_b,10,15526105,uOsHPi,CRB x Ponte Preta,CRB,Ponte Preta,349672686,Mikael,45,2.0,1,2,1,Dadá Belmonte,926786,F,cross,True,89.1,93.0,95.3,51.1,True,2026-06-02T14:46:54.079949Z
2026,serie_b,10,15526105,uOsHPi,CRB x Ponte Preta,CRB,Ponte Preta,349672686,Mikael,45,2.0,1,2,2,Mikael,994017,F,goal,False,95.3,51.1,,,True,2026-06-02T14:46:54.079949Z
2026,serie_b,10,15526105,uOsHPi,CRB x Ponte Preta,CRB,Ponte Preta,349671109,Elvis,33,,0,2,1,Elvis,156028,M,goal,False,24.4,57.1,,,False,2026-06-02T14:46:54.079949Z
2026,serie_b,10,15526105,uOsHPi,CRB x Ponte Preta,CRB,Ponte Preta,349670777,David da Hora,28,,0,1,1,André Lima,1116646,M,pass,False,33.7,64.6,41.5,59.7,False,2026-06-02T14:46:54.079949Z
2026,serie_b,10,15526105,uOsHPi,CRB x Ponte Preta,CRB,Ponte Preta,349670777,David da Hora,28,,0,1,2,Tarik,946791,M,pass,False,35.1,63.1,19.5,92.6,False,2026-06-02T14:46:54.079949Z
2026,serie_b,10,15526105,uOsHPi,CRB x Ponte Preta,CRB,Ponte Preta,349670777,David da Hora,28,,0,1,3,Diego Tavares,871003,M,pass,False,18.5,94.1,6.0,92.1,False,2026-06-02T14:46:54.079949Z
2026,serie_b,10,15526105,uOsHPi,CRB x Ponte Preta,CRB,Ponte Preta,349670777,David da Hora,28,,0,1,4,Thalys,995699,D,cross,False,4.7,92.3,4.4,46.3,False,2026-06-02T14:46:54.079949Z
2026,serie_b,10,15526105,uOsHPi,CRB x Ponte Preta,CRB,Ponte Preta,349670777,David da Hora,28,,0,1,5,Elvis,156028,M,pass,True,5.7,37.2,3.3,50.4,False,2026-06-02T14:46:54.079949Z
2026,serie_b,10,15526105,uOsHPi,CRB x Ponte Preta,CRB,Ponte Preta,349670777,David da Hora,28,,0,1,6,David da Hora,1104714,F,goal,False,3.3,50.4,,,False,2026-06-02T14:46:54.079949Z
2026,serie_b,10,15526099,yOswP,América Mineiro x Vila Nova FC,América Mineiro,Vila Nova FC,349683161,Janderson,76,,1,2,1,Marquinhos Gabriel,90812,M,ball-touch,True,4.4,44.2,,,False,2026-06-02T14:46:54.079949Z
2026,serie_b,10,15526099,yOswP,América Mineiro x Vila Nova FC,América Mineiro,Vila Nova FC,349683161,Janderson,76,,1,2,2,Janderson,870898,M,goal,False,2.3,45.4,,,False,2026-06-02T14:46:54.079949Z
2026,serie_b,10,15526099,yOswP,América Mineiro x Vila Nova FC,América Mineiro,Vila Nova FC,349682718,Ryan Lima,67,,1,1,1,João Vieira,1046490,M,pass,False,51.1,26.8,13.3,18.5,False,2026-06-02T14:46:54.079949Z
2026,serie_b,10,15526099,yOswP,América Mineiro x Vila Nova FC,América Mineiro,Vila Nova FC,349682718,Ryan Lima,67,,1,1,2,Janderson,870898,M,pass,True,10.6,19.2,19.1,48.4,False,2026-06-02T14:46:54.079949Z
2026,serie_b,10,15526099,yOswP,América Mineiro x Vila Nova FC,América Mineiro,Vila Nova FC,349682718,Ryan Lima,67,,1,1,3,Ryan Lima,1634692,F,goal,False,8.3,40.4,,,False,2026-06-02T14:46:54.079949Z
2026,serie_b,10,15526099,yOswP,América Mineiro x Vila Nova FC,América Mineiro,Vila Nova FC,349679086,Nathan Cardoso,22,,1,0,1,Matías Segovia,988622,M,cross,True,99.7,0.7,93.5,48.6,True,2026-06-02T14:46:54.079949Z
2026,serie_b,10,15526099,yOswP,América Mineiro x Vila Nova FC,América Mineiro,Vila Nova FC,349679086,Nathan Cardoso,22,,1,0,2,Nathan Cardoso,1126701,D,goal,False,93.5,48.6,,,True,2026-06-02T14:46:54.079949Z
2026,serie_b,10,15526100,JOsJRp,Operário-PR x Criciúma,Operário-PR,Criciúma,349690103,Matheus Trindade,87,,1,1,1,Matheus Trindade,852556,M,goal,False,86.7,55.4,,,True,2026-06-02T14:46:54.079949Z
2026,serie_b,10,15526100,JOsJRp,Operário-PR x Criciúma,Operário-PR,Criciúma,349689461,Marcelo Hermes,76,,0,1,1,Marcelo Hermes,783490,D,goal,False,20.3,43.3,,,False,2026-06-02T14:46:54.079949Z
2026,serie_b,10,15526097,EOsAfMc,Botafogo-SP x Athletic Club,Botafogo-SP,Athletic Club,349782410,Diogo Batista de Souza,69,,1,2,1,Jhonathan,1467761,D,clearance,False,78.9,45.9,68.8,75.9,False,2026-06-02T14:46:54.079949Z
2026,serie_b,10,15526097,EOsAfMc,Botafogo-SP x Athletic Club,Botafogo-SP,Athletic Club,349782410,Diogo Batista de Souza,69,,1,2,2,Gabriel Moyses,1468837,F,ball-movement,False,68.8,75.9,57.7,85.8,False,2026-06-02T14:46:54.079949Z
2026,serie_b,10,15526097,EOsAfMc,Botafogo-SP x Athletic Club,Botafogo-SP,Athletic Club,349782410,Diogo Batista de Souza,69,,1,2,3,Gabriel Moyses,1468837,F,pass,False,56.2,65.8,57.7,85.8,False,2026-06-02T14:46:54.079949Z
2026,serie_b,10,15526097,EOsAfMc,Botafogo-SP x Athletic Club,Botafogo-SP,Athletic Club,349782410,Diogo Batista de Souza,69,,1,2,4,Diogo Batista de Souza,1588320,D,pass,False,45.2,77.8,39.0,46.6,False,2026-06-02T14:46:54.079949Z
2026,serie_b,10,15526097,EOsAfMc,Botafogo-SP x Athletic Club,Botafogo-SP,Athletic Club,349782410,Diogo Batista de Souza,69,,1,2,5,Ian Luccas,1046496,M,pass,True,37.1,42.9,30.4,65.8,False,2026-06-02T14:46:54.079949Z
2026,serie_b,10,15526097,EOsAfMc,Botafogo-SP x Athletic Club,Botafogo-SP,Athletic Club,349782410,Diogo Batista de Souza,69,,1,2,6,Diogo Batista de Souza,1588320,D,goal,False,28.3,64.8,,,False,2026-06-02T14:46:54.079949Z
2026,serie_b,10,15526097,EOsAfMc,Botafogo-SP x Athletic Club,Botafogo-SP,Athletic Club,349781523,Everton Morelli,49,,1,1,1,Rafael Gava,870920,M,cross,True,76.8,20.5,92.3,47.4,True,2026-06-02T14:46:54.079949Z
2026,serie_b,10,15526097,EOsAfMc,Botafogo-SP x Athletic Club,Botafogo-SP,Athletic Club,349781523,Everton Morelli,49,,1,1,2,Everton Morelli,928137,M,goal,False,92.3,47.4,,,True,2026-06-02T14:46:54.079949Z
2026,serie_b,10,15526097,EOsAfMc,Botafogo-SP x Athletic Club,Botafogo-SP,Athletic Club,349779830,Max,37,,0,1,1,Marcelo Henrique,1836632,D,pass,False,44.3,9.6,44.4,14.2,False,2026-06-02T14:46:54.079949Z
2026,serie_b,10,15526097,EOsAfMc,Botafogo-SP x Athletic Club,Botafogo-SP,Athletic Club,349779830,Max,37,,0,1,2,Jota,1200993,M,pass,False,44.4,14.2,58.1,23.2,False,2026-06-02T14:46:54.079949Z
2026,serie_b,10,15526097,EOsAfMc,Botafogo-SP x Athletic Club,Botafogo-SP,Athletic Club,349779830,Max,37,,0,1,3,Lucas Belezi,1130040,D,pass,False,66.6,27.6,60.3,12.5,False,2026-06-02T14:46:54.079949Z
2026,serie_b,10,15526097,EOsAfMc,Botafogo-SP x Athletic Club,Botafogo-SP,Athletic Club,349779830,Max,37,,0,1,4,Marcelo Henrique,1836632,D,pass,False,62.1,5.8,36.4,5.6,False,2026-06-02T14:46:54.079949Z
2026,serie_b,10,15526097,EOsAfMc,Botafogo-SP x Athletic Club,Botafogo-SP,Athletic Club,349779830,Max,37,,0,1,5,Ian Luccas,1046496,M,ball-movement,False,36.4,5.6,8.3,45.6,False,2026-06-02T14:46:54.079949Z
2026,serie_b,10,15526097,EOsAfMc,Botafogo-SP x Athletic Club,Botafogo-SP,Athletic Club,349779830,Max,37,,0,1,6,Ian Luccas,1046496,M,pass,True,15.4,21.1,8.3,45.6,False,2026-06-02T14:46:54.079949Z
2026,serie_b,10,15526097,EOsAfMc,Botafogo-SP x Athletic Club,Botafogo-SP,Athletic Club,349779830,Max,37,,0,1,7,Max,1642625,M,goal,False,8.3,45.6,,,False,2026-06-02T14:46:54.079949Z
2026,serie_b,8,16127067,xPseau,Londrina x São Bernardo,Londrina,São Bernardo,348132793,Helder Maciel,85,,1,3,1,Helder Maciel,980777,D,goal,False,92.1,56.0,,,False,2026-06-02T14:46:54.079949Z
2026,serie_b,8,16127067,xPseau,Londrina x São Bernardo,Londrina,São Bernardo,348131579,Dudu Miraíma,59,,0,3,1,Dudu Miraíma,1017251,M,goal,False,24.1,72.5,,,False,2026-06-02T14:46:54.079949Z
2026,serie_b,8,16127067,xPseau,Londrina x São Bernardo,Londrina,São Bernardo,348128918,Dudu Miraíma,21,,0,2,1,Dudu Miraíma,1017251,M,goal,False,24.6,24.5,,,False,2026-06-02T14:46:54.079949Z
2026,serie_b,8,16127067,xPseau,Londrina x São Bernardo,Londrina,São Bernardo,348128274,Daniel Amorim,7,,0,1,1,Romisson,911123,M,miss,True,6.9,41.9,,,False,2026-06-02T14:46:54.079949Z
2026,serie_b,8,16127067,xPseau,Londrina x São Bernardo,Londrina,São Bernardo,348128274,Daniel Amorim,7,,0,1,2,Daniel Amorim,869443,F,goal,False,2.6,53.2,,,False,2026-06-02T14:46:54.079949Z
